-- MySQL dump 10.13  Distrib 5.7.25, for Linux (x86_64)
--
-- Host: localhost    Database: elby
-- ------------------------------------------------------
-- Server version	5.7.25-0ubuntu0.16.04.2

/*!40101 SET @OLD_CHARACTER_SET_CLIENT=@@CHARACTER_SET_CLIENT */;
/*!40101 SET @OLD_CHARACTER_SET_RESULTS=@@CHARACTER_SET_RESULTS */;
/*!40101 SET @OLD_COLLATION_CONNECTION=@@COLLATION_CONNECTION */;
/*!40101 SET NAMES utf8 */;
/*!40103 SET @OLD_TIME_ZONE=@@TIME_ZONE */;
/*!40103 SET TIME_ZONE='+00:00' */;
/*!40014 SET @OLD_UNIQUE_CHECKS=@@UNIQUE_CHECKS, UNIQUE_CHECKS=0 */;
/*!40014 SET @OLD_FOREIGN_KEY_CHECKS=@@FOREIGN_KEY_CHECKS, FOREIGN_KEY_CHECKS=0 */;
/*!40101 SET @OLD_SQL_MODE=@@SQL_MODE, SQL_MODE='NO_AUTO_VALUE_ON_ZERO' */;
/*!40111 SET @OLD_SQL_NOTES=@@SQL_NOTES, SQL_NOTES=0 */;

--
-- Table structure for table `admin_user`
--

DROP TABLE IF EXISTS `admin_user`;
/*!40101 SET @saved_cs_client     = @@character_set_client */;
/*!40101 SET character_set_client = utf8 */;
CREATE TABLE `admin_user` (
  `user_id` int(10) unsigned NOT NULL AUTO_INCREMENT,
  `phone_number` varchar(245) DEFAULT 'null',
  `email` varchar(245) DEFAULT 'null',
  `password` varchar(245) DEFAULT 'null',
  `access_token` varchar(245) DEFAULT 'null',
  `otp` varchar(245) DEFAULT 'null',
  `country_code` varchar(245) DEFAULT 'null',
  `admin_name` varchar(245) DEFAULT 'null',
  `is_verify` tinyint(4) DEFAULT '0',
  `status` int(11) DEFAULT '0',
  PRIMARY KEY (`user_id`)
) ENGINE=InnoDB AUTO_INCREMENT=25 DEFAULT CHARSET=latin1;
/*!40101 SET character_set_client = @saved_cs_client */;

--
-- Dumping data for table `admin_user`
--

LOCK TABLES `admin_user` WRITE;
/*!40000 ALTER TABLE `admin_user` DISABLE KEYS */;
INSERT INTO `admin_user` VALUES (1,'8699729589','suraj@azuratech.in','$2a$10$jI6H4.gxrs2j1cAcamCFBeS5ecVPvwD52Cod5JEhXZQS9tF4p9Bri','$2a$10$z7WiwnUMf2GpzGPQTerRcuWe4ZQshUtw3msY3yoxbhdp0jYTV4mzC','2114','91','Suraj1',1,0),(4,'9887876644',NULL,'$2a$10$V6.39uk.vGaRD.I8t4kcA.eJePA8zyVH2HtVXzYgKqBBJCCBGChPu','admin_logout','null','91','testabc',0,0),(5,'9041708569',NULL,'$2a$10$nulOjVAJtrihhHWBtLMPHe.ixBR.zAJvZtPxb8xwOJw4MQqmucw1C','$2a$10$M34VJVRtGfs/h8vnv3XkhewQgdjmoLsbZlWSkwn2FHQHswAACT09u','4798','91','nick',1,0),(6,'454645454',NULL,'$2a$10$yGfpbXFR8clNbMQU0qpwaeMY4Ky7wbVZr7l8B7f8H7rbSwl8fIB16','null','null','27','Testing for block',0,0),(7,'9897667667',NULL,'$2a$10$4ujlXJTNSFUsVfbY7NG/ROnL58iPQRMB5wB7HfFzQxDPe7A83QYhu','admin_logout','null','91','test for block',0,0),(8,'9888998878','abhishek@gmail.com','$2a$10$a1wAdDe4bs0wITB1kjFCUe3322HFGcZxzlIB8axMtLDnQg0DcoEja','$2a$10$VjzvPlQTQ2/93YJ1vOxPDevggyREhbmaJWi6HqTT3iBmVNU0IfBKO','8542','91','khanna123',1,0),(9,'9034540631',NULL,'$2a$10$gLQvDRg5dZ1aUSSE1fopu.iwuaDhnKyXcqrjqVOs9hc8u8PpttxUu','null','null','91','Manider',0,0),(10,'4554656776',NULL,'$2a$10$/glUjEzOawqf6k0hXoXxtu6JS4WOzoVSsqBxGXiq4blO42VlDl6fe','null','null','91','abc',0,0),(11,'7528994261',NULL,'$2a$10$ej0CuC3s91Y3okibHqGA4evScvi3DLpAC/ZQI7LTJNNCmA8WBj78a','null','null','91','gurl',0,0),(12,'7667867878',NULL,'$2a$10$.wEioFQQkCHDkYWxph.CjOjSMnIUPwMMVlkOJZ4KUIFUmrHsu7i5u','null','null','91','sheenu',0,0),(13,'9815179051',NULL,'$2a$10$AC.u2tHzM5t4KrVNh4wHGu8RIq4EcIHzK574gb0tTSa9i7WcBi79K','null','null','91','qwerty',0,0),(14,'8699729588',NULL,'$2a$10$CPjBNTOMOUWG.Iwn7nwzo.bhB7JjeuDiE6tBs/IdUK9LNwoooQJ0G','null','null','91','Suraj',0,0),(15,'9898787877',NULL,'$2a$10$DIwRfD701IT4j1iAXCbwuOobtrMbIPCL/4lkyD2eJwCve3dGzLor6','null','null','91','sdsads',0,0),(16,'9888887887',NULL,'$2a$10$.D78UK8PzCnMSwnwr907SeH4svPdGGCUt/WpleOQTdA4r5xNaiFRi','null','null','91','sddsds',0,0),(17,'9887788787',NULL,'$2a$10$.3B9ZJVokGZ5B/XW1ClaK.Pw1Ccg6TfWyRGV8ryQtXAhwqW.yvQyi','null','null','91','sxdsds',0,0),(18,'9565264468',NULL,'$2a$10$ymbSkqXBA5s52BCStt8MQOe/W7YvALYjmJiMuDa8aVZdWD2UGHXEm','$2a$10$cMxpy7O3LO4BqGb3wYyzA..Pfu1zrSM8NyqiuAfikoIV3ODAM2Ovi','null','91','Suraj Pandey2',0,0),(19,'9098767896',NULL,'$2a$10$QJ7Qd1rKUy2tl4xrEm5s4eGYYJOdQBgR/PT2/F6YOMd8O.HQrC7EK','$2a$10$slM9bNt8j0CkvaclLydcmuZMUa4OUKxVMmgmKa18rqIVpvQTlB3rO','null','91','sam',0,0),(20,'8146777773',NULL,'$2a$10$TzzsiDsCewTQJLY5eTnhr.NDQ4gMYeEMk/WHFrxQfvkFxuLzrxliG','admin_logout','null','91','kaushal',0,0),(21,'9988527141','abhi@gmail.com','$2a$10$Wl9p.lejghYAYPfaudqVaOhWRetJMxoBSa7C9LRrapogCzukHHQkK','$2a$10$tY4UnDIpFD2BeenG1p8i7.TAFE/2RPtB0OGxmIRHeOffCtBS7Lc6W','null','91','abhi',1,0),(22,'7986446394',NULL,'$2a$10$NV8/c636rf0K7DZhIHVpoefHRsFn7YpJnkrTZHzNuZRn4cbY.Fzyu','null','null','91','sakshi',0,0),(23,'456756788',NULL,'$2a$10$PVfDb6uQx7aTkVHw7TboaOhNiIPlchUTDHYyEiiEcymXHn4Pl4asq','admin_logout','null','27','simon',0,0),(24,'787655467',NULL,'$2a$10$WUa1OYTl1064CO9YlU6D.eyVGXGuznSp6m9JAIwpxheApILTh2Wfm','null','null','27','pooja',0,0);
/*!40000 ALTER TABLE `admin_user` ENABLE KEYS */;
UNLOCK TABLES;

--
-- Table structure for table `app_version`
--

DROP TABLE IF EXISTS `app_version`;
/*!40101 SET @saved_cs_client     = @@character_set_client */;
/*!40101 SET character_set_client = utf8 */;
CREATE TABLE `app_version` (
  `id` tinyint(4) NOT NULL AUTO_INCREMENT,
  `device_type` tinyint(4) NOT NULL COMMENT '1-Android. 2-IOS, 3-web',
  `version` smallint(6) NOT NULL,
  `critical` tinyint(4) NOT NULL COMMENT '0-no,1-yes',
  `last_critical` int(11) NOT NULL,
  `app_type` tinyint(1) NOT NULL COMMENT '1-Manager. 2-Agent, 3-Customer',
  PRIMARY KEY (`id`)
) ENGINE=InnoDB AUTO_INCREMENT=3 DEFAULT CHARSET=utf8;
/*!40101 SET character_set_client = @saved_cs_client */;

--
-- Dumping data for table `app_version`
--

LOCK TABLES `app_version` WRITE;
/*!40000 ALTER TABLE `app_version` DISABLE KEYS */;
INSERT INTO `app_version` VALUES (1,1,1,0,0,1),(2,2,1,0,0,1);
/*!40000 ALTER TABLE `app_version` ENABLE KEYS */;
UNLOCK TABLES;

--
-- Table structure for table `booking_type`
--

DROP TABLE IF EXISTS `booking_type`;
/*!40101 SET @saved_cs_client     = @@character_set_client */;
/*!40101 SET character_set_client = utf8 */;
CREATE TABLE `booking_type` (
  `type_id` int(10) unsigned NOT NULL AUTO_INCREMENT,
  `type_name` varchar(245) DEFAULT 'null',
  PRIMARY KEY (`type_id`)
) ENGINE=InnoDB DEFAULT CHARSET=latin1;
/*!40101 SET character_set_client = @saved_cs_client */;

--
-- Dumping data for table `booking_type`
--

LOCK TABLES `booking_type` WRITE;
/*!40000 ALTER TABLE `booking_type` DISABLE KEYS */;
/*!40000 ALTER TABLE `booking_type` ENABLE KEYS */;
UNLOCK TABLES;

--
-- Table structure for table `bookings`
--

DROP TABLE IF EXISTS `bookings`;
/*!40101 SET @saved_cs_client     = @@character_set_client */;
/*!40101 SET character_set_client = utf8 */;
CREATE TABLE `bookings` (
  `booking_id` int(11) unsigned NOT NULL AUTO_INCREMENT,
  `booking_type` varchar(255) DEFAULT 'null',
  `category_name` varchar(255) DEFAULT 'null',
  `start_date` varchar(255) DEFAULT 'null',
  `duration` varchar(255) DEFAULT 'null',
  `name` varchar(255) DEFAULT 'null',
  `phone_number` varchar(255) DEFAULT NULL,
  `email` varchar(255) DEFAULT 'null',
  `pickup_location` int(11) DEFAULT '0',
  `delivery_location` int(11) DEFAULT '0',
  `customer_id` int(11) NOT NULL,
  `comments` varchar(2045) DEFAULT 'null',
  `status` int(11) NOT NULL DEFAULT '0',
  `booking_status` int(11) DEFAULT NULL,
  `template_id` int(11) DEFAULT NULL,
  `payment_type` int(11) unsigned DEFAULT NULL,
  `pay_id` varchar(245) DEFAULT NULL,
  `order_id` int(100) DEFAULT NULL,
  `run_id` int(100) DEFAULT NULL,
  `total_amount` float DEFAULT NULL,
  `cancel_status` int(11) NOT NULL DEFAULT '0',
  `pickup_task_id` int(11) DEFAULT NULL,
  `delivery_task_id` int(11) unsigned DEFAULT NULL,
  `del_booking_status` int(11) DEFAULT NULL,
  `overall_status` int(11) DEFAULT NULL,
  `document1` varchar(1025) DEFAULT NULL,
  `document2` varchar(1025) DEFAULT NULL,
  `document3` varchar(1025) DEFAULT NULL,
  `document4` varchar(1025) DEFAULT NULL,
  `document5` varchar(1025) DEFAULT NULL,
  `agent_name` varchar(245) DEFAULT NULL,
  `notes` varchar(2045) DEFAULT NULL,
  `add_charge` varchar(245) DEFAULT NULL,
  PRIMARY KEY (`booking_id`)
) ENGINE=InnoDB AUTO_INCREMENT=319 DEFAULT CHARSET=latin1;
/*!40101 SET character_set_client = @saved_cs_client */;

--
-- Dumping data for table `bookings`
--

LOCK TABLES `bookings` WRITE;
/*!40000 ALTER TABLE `bookings` DISABLE KEYS */;
INSERT INTO `bookings` VALUES (238,'1','testing3903','2019-2-5 20:36:00','60','abhi','9988528141','a@gmail.com',162,163,27,'this is good product',0,12,166,0,NULL,945,944,13,0,1185,1186,12,1,NULL,NULL,NULL,NULL,NULL,NULL,NULL,NULL),(239,'1','Clothes','2019-02-04 20:29:16','0.5','Akash Khatri','9602998930','akash@azuratech.in',221,221,28,'hchvjvbk\nkvjbkb\nibjb',0,11,166,0,NULL,946,945,100,0,1187,1188,11,11,NULL,NULL,NULL,NULL,NULL,'Rajni Thakur',NULL,'0'),(240,'1','testing3903','2019-2-5 20:36:00','60','abhi','9988528141','a@gmail.com',162,163,27,'this is good product',0,12,166,0,NULL,947,946,13,0,1189,1190,12,1,NULL,NULL,NULL,NULL,NULL,NULL,NULL,NULL),(241,'1','testing3903','2019-2-5 20:36:00','60','abhi','9988528141','a@gmail.com',162,163,27,'this is good product',0,12,166,0,NULL,948,947,13,0,1191,1192,12,1,NULL,NULL,NULL,NULL,NULL,NULL,NULL,NULL),(242,'0','Jeans','2019-02-05 08:58:36','0.5','Vishal','9463969782','vishal@azuratech.in',66,64,39,'Bsbsb xbxbxjb xbxjxkx djdkd xnxjx xnxjx xbxjxkx dnnxnxbx xnxnxhhewiw djdjjd xnxjx djdkd x xbxjxkx fjfnfjd fbdjss d jksjdbx xbxjxkx dbdndbnnnns nss\n',0,8,174,1,'PAY-5UM084600T3117206LRMRFIA',949,948,100,0,1193,1194,8,8,'https://s3.us-east-2.amazonaws.com/aztech-qengine/Qengine/upload_0189989fc19b997148d93f9b4e10817e.png','https://s3.us-east-2.amazonaws.com/aztech-qengine/Qengine/upload_c5eba3bb2f4074a9313b7177ea8efc65.png','https://s3.us-east-2.amazonaws.com/aztech-qengine/Qengine/upload_a210b065f25003b1bb1ecc16abc640d9.png','https://s3.us-east-2.amazonaws.com/aztech-qengine/Qengine/upload_e368bf9b705db83c905bd49fbda30d2d.png','https://s3.us-east-2.amazonaws.com/aztech-qengine/Qengine/upload_c5569e6db5ccc83597eec0abc7bc88b8.png','Rajni Thakur',NULL,'0'),(243,'1','Toyabc','2019-02-05 12:46:32','0.5','shivam gupta','3322114455','shivam@gmail.co',222,223,39,'hxhxjdi dhjjisid dbdjkod djdjod xbxjdbdid xjdjd xjd',0,8,171,0,NULL,950,949,312.07,0,1195,1196,8,8,NULL,NULL,NULL,NULL,NULL,'Rajni Thakur',NULL,'0'),(244,'1','Monks','2019-02-05 14:24:49','0.5','shivam gupta','3322114455','shivam@gmail.co',203,203,39,'',0,12,173,0,NULL,951,950,100,0,1197,1198,11,11,NULL,NULL,NULL,NULL,NULL,'Rajni Thakur',NULL,'0'),(245,'0','Monks','2019-2-6 12:55:00','0.5','shivam gupta','3322114455','shivam@gmail.co',224,224,39,'',0,12,173,1,'PAY-3XE361399P534792TLRMT4OI',952,951,100,0,1199,1200,8,8,NULL,NULL,NULL,NULL,NULL,'Rajni Thakur',NULL,'0'),(246,'1','Fish','2019-02-05 15:37:02','0.5','shivam gupta','3322114455','shivam@gmail.co',226,194,39,'',0,12,175,0,NULL,955,954,2032.14,1,1205,1206,12,11,NULL,NULL,NULL,NULL,NULL,NULL,NULL,NULL),(247,'1','Books','2019-02-05 17:45:42','0.5','shivam gupta','3322114455','shivam@gmail.co',227,224,39,'hdhdjdjsjs dbxjxjjf cnxjkxksjndd ddjdkkdkdmxx dcjcjcfkfnf f fnkfkskjdnsbxbs dbxjxkdjfnfncjfjfjdndndjdjdkkdnxjcfnffjfkfif ffnfmfkdxmxxm dnddjdjdjcjsjnskssnsjdnxnnxjddjdkndxnd dnxnxxmxjdndhdnnsbshsjsdnxnxjd d nxxnxjxjxnxnxxnnsxnjddjnxndkd',0,12,176,0,NULL,958,957,100,1,1211,1212,12,11,NULL,NULL,NULL,NULL,NULL,NULL,NULL,NULL),(248,'1','Monks','2019-2-6 1:05:00','0.5','shivam gupta','3322114455','shivam@gmail.co',228,229,39,'fgggttfctyftctct gcvtcttf vgctt gv',0,12,173,0,NULL,961,960,145.56,1,1216,1217,12,11,NULL,NULL,NULL,NULL,NULL,NULL,NULL,NULL),(249,'1','Test4','2019-02-05 18:44:42','0.5','shivam gupta','3322114455','shivam@gmail.co',0,0,39,'dbdhdbdhxbxbxbxbbbd dhdjkdjdn dbdnnnndnysbnsnndnd xnxnzbbxhtznxnnzhx dbdjdnndnf dbdjjxd xbxjdkdj BSB svdnxnkkk can chdnxkkxbbxhx xbxnxbxtxhxkkxnsbgybvbn so dvxmmxbxtdhndxjjxhx chdnxkkxbbxhx dbdjkdld xbxmxljahtsshxmldix dhdj',0,NULL,180,0,NULL,NULL,NULL,100,1,NULL,NULL,NULL,11,NULL,NULL,NULL,NULL,NULL,NULL,NULL,NULL),(250,'1','Fish','2019-02-05 18:53:05','0.5','shivam gupta','3322114455','shivam@gmail.co',230,26,39,'hdhdjdjsjs dhdjjsi shdjdkd dnfjkff dndndkdkdkkfkd dhdjkdjdn dndndkdkdkkfkd dndndkdkdkkfkd xbxjjd dbdjdk dhdmmxydbxjdkdj dvxmmxbxtdhndxjjxhx dhdmmxydbxjdkdj dbdjkdld dhdmmxydbxjdkdj dbdjdk bd',0,12,175,0,NULL,963,962,100,0,1218,1219,12,1,NULL,NULL,NULL,NULL,NULL,NULL,NULL,NULL),(251,'1','testing0003','2019-2-5 20:36:00','60','abhi','9988528141','a@gmail.com',162,163,27,'this is good product',0,12,166,0,NULL,964,963,13,1,1220,1221,12,11,NULL,NULL,NULL,NULL,NULL,NULL,NULL,NULL),(252,'1','testing0003','2019-2-5 20:36:00','60','abhi','9988528141','a@gmail.com',162,163,27,'this is good product',0,12,166,0,NULL,965,964,13,0,1222,1223,12,1,NULL,NULL,NULL,NULL,NULL,NULL,NULL,NULL),(253,'1','testing0003','2019-2-5 20:36:00','60','abhi','9988528141','a@gmail.com',162,163,27,'this is good product',0,12,166,0,NULL,966,965,13,0,1224,1225,12,1,NULL,NULL,NULL,NULL,NULL,NULL,NULL,NULL),(254,'1','Burger king','2019-02-05 19:50:08','0.5','shivam gupta','3322114455','shivam@gmail.co',231,231,39,'',0,12,172,0,NULL,968,967,100,0,1227,1228,12,1,NULL,NULL,NULL,NULL,NULL,NULL,NULL,NULL),(255,'1','Toyabc','2019-02-06 12:28:25','0.5','Harsh Thakur','9041708561','harsh@azuratech.in',232,233,43,'',0,8,171,0,NULL,969,968,100,0,1229,1230,8,8,NULL,NULL,NULL,NULL,NULL,'Rajni Thakur',NULL,'0'),(256,'1','Toyabc','2019-02-06 17:51:22','0.5','Harsh Thakur','9041708561','harsh@azuratech.in',118,114,43,'Gsghdhdbdbshddbdbjdid djdjjd xnxjx d\n',0,12,171,0,NULL,971,970,487.41,0,1233,1234,12,1,NULL,NULL,NULL,NULL,NULL,NULL,NULL,NULL),(257,'0','Test4','2019-2-7 11:30:00','0.5','Harsh','9041708569','rajni@azuratech.in',0,0,43,'Chvjvi stdfugj xygij gxygok gduhp gxuj gcibgckngf cuhjcij hcjhhcu\n',0,NULL,179,1,'PAY-6GV883236V4684700LRNHVCA',NULL,NULL,233.57,0,NULL,NULL,NULL,1,NULL,NULL,NULL,NULL,NULL,NULL,NULL,NULL),(258,'1','Burger king','2019-02-06 10:41:45','0.5','Harsh Thakur','9041708561','harsh@azuratech.in',227,227,43,'',0,12,172,0,NULL,977,976,100,0,1243,1244,12,1,NULL,NULL,NULL,NULL,NULL,NULL,NULL,NULL),(259,'1','Clothes','2019-02-06 14:42:45','0.5','Akash Khatri','9602998930','akash@azuratech.in',217,235,28,'fgjj\nbnj\nhj\n',0,7,166,0,NULL,983,982,100,0,1252,1253,8,8,NULL,NULL,NULL,NULL,NULL,'Rajni Thakur',NULL,'150'),(260,'1','Fish','2019-2-8 12:05:00','0.5','Harsh Thakur','9041708561','harsh@azuratech.in',236,237,43,'',0,12,175,0,NULL,987,986,102.75,1,1259,1260,12,11,NULL,NULL,NULL,NULL,NULL,NULL,NULL,NULL),(261,'0','Burger king','2019-02-06 18:14:11','241.0','avni singh','9041708569','avni@gmail.com',238,234,44,'hchffcjhfugug vjvbkbfd hxvbkkvxh hxhfbjv gxcjvj gxcj gxvjv hcjvv\n',0,11,172,1,'PAY-9DG55207UX072104CLRNLWKY',996,995,2390,1,1263,1264,11,11,NULL,NULL,NULL,NULL,NULL,'Rajni Thakur',NULL,'0'),(262,'1','testing0003','2019-2-7 20:36:00','60','abhi','9988528141','a@gmail.com',162,163,28,'Bdbdbxxbxjckdkkd dbdndndkkskskjsjxjxd dbfndkdkmdnsnsnsnxbcbjcjjnfhxxjnbxxbxnnxjkddknsnsbshsjiddnbdjfidd ',0,6,166,0,NULL,1004,1003,13,0,1276,1277,12,7,NULL,NULL,NULL,NULL,NULL,'abhishek khanna',NULL,NULL),(266,'1','Clothes','2019-02-07 13:05:29','0.5','Akash Khatri','9602998930','akash@azuratech.in',227,239,28,'hshsjndndnnddj\n',0,NULL,166,0,NULL,NULL,NULL,100,0,NULL,NULL,NULL,1,NULL,NULL,NULL,NULL,NULL,NULL,NULL,NULL),(267,'1','Clothes','2019-02-07 13:11:38','0.5','Akash Khatri','9602998930','akash@azuratech.in',231,240,28,'',0,6,166,0,NULL,1020,1019,100,0,1305,1306,12,7,NULL,NULL,NULL,NULL,NULL,'abhi khanna',NULL,NULL),(268,'1','Clothes','2019-02-07 13:29:10','0.5','Akash Khatri','9602998930','akash@azuratech.in',224,241,28,'',0,12,166,0,NULL,1022,1021,100,0,1308,1309,12,1,NULL,NULL,NULL,NULL,NULL,NULL,NULL,NULL),(269,'1','Clothes','2019-02-07 13:58:33','0.5','Akash Khatri','9602998930','akash@azuratech.in',82,242,28,'',0,12,166,0,NULL,1023,1022,100,0,1310,1311,12,1,NULL,NULL,NULL,NULL,NULL,NULL,NULL,NULL),(270,'1','testing0003','2019-2-7 20:36:00','60','abhi','9988528141','a@gmail.com',162,163,28,'Bdbdbxxbxjckdkkd dbdndndkkskskjsjxjxd dbfndkdkmdnsnsnsnxbcbjcjjnfhxxjnbxxbxnnxjkddknsnsbshsjiddnbdjfidd ',0,NULL,166,0,NULL,NULL,NULL,13,0,NULL,NULL,NULL,1,NULL,NULL,NULL,NULL,NULL,NULL,NULL,NULL),(271,'1','Clothes','2019-02-07 14:09:55','0.5','Akash Khatri','9602998930','akash@azuratech.in',231,97,28,'',0,12,166,0,NULL,1024,1023,100,0,1312,1313,5,7,NULL,NULL,NULL,NULL,NULL,'abhi khanna',NULL,'0'),(272,'1','Clothes','2019-2-8 10:00:00','0.5','Akash Khatri','9602998930','akash@azuratech.in',243,244,28,'xgxgkhbk\nyfgu\nufjvib\n',0,12,166,0,NULL,1025,1024,122.27,0,1314,1315,12,1,NULL,NULL,NULL,NULL,NULL,NULL,NULL,NULL),(273,'1','Clothes','2019-3-7 10:00:00','0.5','Akash Khatri','9602998930','akash@azuratech.in',82,245,28,'',0,12,166,0,NULL,1026,1025,100,0,1316,1317,12,1,NULL,NULL,NULL,NULL,NULL,NULL,NULL,NULL),(274,'1','Clothes','2019-3-8 10:00:00','0.5','Akash Khatri','9602998930','akash@azuratech.in',212,158,28,'',0,12,166,0,NULL,1027,1026,100,0,1318,1319,12,1,NULL,NULL,NULL,NULL,NULL,NULL,NULL,NULL),(275,'1','Clothes','2019-2-8 12:00:00','0.5','Akash Khatri','9602998930','akash@azuratech.in',82,82,28,'',0,12,166,0,NULL,1028,1027,100,0,1320,1321,12,1,NULL,NULL,NULL,NULL,NULL,NULL,NULL,NULL),(276,'1','Clothes','2019-3-8 14:00:00','0.5','Akash Khatri','9602998930','akash@azuratech.in',246,246,28,'',0,5,166,0,NULL,1029,1028,100,0,1322,1323,12,7,NULL,NULL,NULL,NULL,NULL,'abhi khanna',NULL,NULL),(277,'1','Clothes','2019-3-9 10:00:00','0.5','Akash Khatri','9602998930','akash@azuratech.in',231,231,28,'',0,12,166,0,NULL,1030,1029,100,0,1324,1325,12,1,NULL,NULL,NULL,NULL,NULL,NULL,NULL,NULL),(278,'1','Clothes','2019-3-10 10:00:00','0.5','Akash Khatri','9602998930','akash@azuratech.in',231,231,28,'',0,12,166,0,NULL,1032,1031,100,0,1327,1328,12,1,NULL,NULL,NULL,NULL,NULL,NULL,NULL,NULL),(279,'1','Clothes','2019-03-10 12:00:00','0.5','Akash Khatri','9602998930','akash@azuratech.in',231,247,28,'',0,12,166,0,NULL,1033,1032,100,0,1329,1330,12,1,NULL,NULL,NULL,NULL,NULL,NULL,NULL,NULL),(280,'0','Burger king','2019-02-07 11:51:20','0.5','Ranveer Kapoor','9876543219','ranveer@azuratech.in',248,249,45,'Tfvuvvjbubdd fxgvuhigyd xtcubihuvddfgyhuhb fxgvvhvjbibx gxgvhbjjic rdycuguvctub. Rrxtcvbbwdhvhvjhb cychvjbbjbgxtx ccgvjbjbgctx u cjiojivxxvucvvh chuck jvhvjjcgxyg tdhvgvjhvjjvjbhvbkvhdfyg rxgchvjvjbhiigdhvjji xyfhhbjhbkvycuhi. Chvjbokuucdhbihtxgvvjbhhcygihuvc gcvhbnyycjhtrfujgiucgviih TDC ugh bihxxgvkkvfuvh cjhuruughiobhjcgfxgcjbihhcgxgbjbjj. Chvjbkgxgckbkcfcj gcchvohxjbhvjvxf hvjh',0,12,172,1,'PAYID-LRN6J6A68V0072703998863C',1034,1033,1291.41,1,1331,1332,12,11,NULL,NULL,NULL,NULL,NULL,NULL,NULL,NULL),(281,'1','Monks','2019-02-07 12:06:19','404.0','Ranveer Kapoor','9876543219','ranveer@azuratech.in',210,248,45,'',0,11,173,0,NULL,1040,1039,3930,1,1340,1341,11,11,NULL,NULL,NULL,NULL,NULL,'Rajni Thakur',NULL,'100'),(282,'1','Burger king','2019-02-10 11:55:00','0.5','avni singh','9041708569','avni@gmail.com',250,251,44,'Gaga hshsjs shshs sbshjs 9gdhhd dbdjjjd dhhjd sbshsj shshh bxjjdjd sbshjs sgxhud shshs dhj sns shjsbsj\n',0,8,172,0,NULL,1058,1057,673.09,0,1359,1360,8,8,NULL,NULL,NULL,NULL,NULL,'Rajni Thakur',NULL,'200'),(283,'1','testing0003','2019-02-17 20:30:00','60','abhi','9988528141','a@gmail.com',162,163,28,'Bdbdbxxbxjckdkkd dbdndndkkskskjsjxjxd dbfndkdkmdnsnsnsnxbcbjcjjnfhxxjnbxxbxnnxjkddknsnsbshsjiddnbdjfidd ',0,5,166,0,NULL,1065,1064,13,0,1368,1369,12,7,NULL,NULL,NULL,NULL,NULL,NULL,NULL,NULL),(284,'1','testing0003','2019-02-17 20:30:00','60','abhi','9988528141','a@gmail.com',162,163,28,'Bdbdbxxbxjckdkkd dbdndndkkskskjsjxjxd dbfndkdkmdnsnsnsnxbcbjcjjnfhxxjnbxxbxnnxjkddknsnsbshsjiddnbdjfidd ',0,12,166,0,NULL,1066,1065,13,0,1370,1371,12,1,NULL,NULL,NULL,NULL,NULL,NULL,NULL,NULL),(285,'1','testing0003','2019-02-17 20:30:00','60','abhi','9988528141','a@gmail.com',162,163,28,'Bdbdbxxbxjckdkkd dbdndndkkskskjsjxjxd dbfndkdkmdnsnsnsnxbcbjcjjnfhxxjnbxxbxnnxjkddknsnsbshsjiddnbdjfidd ',0,12,166,0,NULL,1067,1066,13,0,1372,1373,12,1,NULL,NULL,NULL,NULL,NULL,NULL,NULL,NULL),(286,'1','testing0003','2019-02-17 20:30:00','60','abhi','9988528141','a@gmail.com',162,163,28,'Bdbdbxxbxjckdkkd dbdndndkkskskjsjxjxd dbfndkdkmdnsnsnsnxbcbjcjjnfhxxjnbxxbxnnxjkddknsnsbshsjiddnbdjfidd ',0,12,166,0,NULL,1068,1067,13,0,1374,1375,12,1,NULL,NULL,NULL,NULL,NULL,NULL,NULL,NULL),(287,'1','Fish','2019-02-08 11:50:25','0.5','avni singh','9041708569','avni@gmail.com',203,252,44,'Xbxbxbxbbx xndnnd\n',0,8,175,0,NULL,1069,1068,100,0,1376,1377,8,8,NULL,NULL,NULL,NULL,NULL,'Rajni Thakur',NULL,'250'),(288,'1','testing0003','2019-02-17 20:30:00','60','abhi','9988528141','a@gmail.com',162,163,28,'Bdbdbxxbxjckdkkd dbdndndkkskskjsjxjxd dbfndkdkmdnsnsnsnxbcbjcjjnfhxxjnbxxbxnnxjkddknsnsbshsjiddnbdjfidd ',0,4,166,0,NULL,1070,1069,13,0,1378,1379,12,4,NULL,NULL,NULL,NULL,NULL,'Rajni Thakur',NULL,NULL),(289,'0','klkl','2019-02-11 03:15:00','0.5','avni singh','9041708569','avni@gmail.com',253,254,44,'Gduduusus shduuchd dhdhsusud xhxhjdisis dhchjdjz dbchufjsjs hchjdbdsh xhxuychejwoejd xbxhdydjjsjss dbhcchjsisjd xhhcdh djudisjjs xhhcdjd\n',0,11,183,1,'PAY-76L336126C7832455LRORX2I',1071,1070,100,1,1380,1381,11,11,NULL,NULL,NULL,NULL,NULL,NULL,NULL,'0'),(290,'0','films','2019-02-12 03:45:00','0.5','avni singh','9041708569','avni@gmail.com',255,256,44,'Gsgdyuc svhshsjduf dhhucidis zhhcud xnxjdkkd dhchjdjz xhxjjss xhdjdbdbxjjd\n',0,11,181,1,'PAYID-LROSBVY33844847PT8230447',1072,1071,312.97,1,1382,1383,11,11,NULL,NULL,NULL,NULL,NULL,NULL,NULL,'0'),(291,'1','testing0003','2019-02-17 20:30:00','60','abhi','9988528141','a@gmail.com',162,163,28,'Bdbdbxxbxjckdkkd dbdndndkkskskjsjxjxd dbfndkdkmdnsnsnsnxbcbjcjjnfhxxjnbxxbxnnxjkddknsnsbshsjiddnbdjfidd ',0,12,166,0,NULL,1073,1072,13,0,1384,1385,12,1,NULL,NULL,NULL,NULL,NULL,NULL,NULL,NULL),(292,'0','Test2','2019-02-11 05:01:00','168.0','avni singh','9041708569','avni@gmail.com',193,257,44,'gsvshjiodk dbdhjdjjdjjsksns sbdhkdjdjdhsjs svxhjxmdmmdx djd dbdhhddjdjjsjshysgsbbnajs shshjsjjsgdgx shshjsjjsgdgx shshjsjjsgdgx dhb shshjsjjsgdgx dbdbdbdvvdvvdvd dvbsnnabsb do dvshjsjdbdbdjfkfkflf dvbsnnabsb dvbsnnabsb dvshjsjdbdbdjfkfkflf dvshjsjdbdbdjfkfkflf dbshsjsiks SGD hshsjndndnnddj shshjsjjsgdgx dbdhjdjjdjjsksns shshjsjjsgdgx shshjsjjsgdgx shshjsjjsgdgx sbksbjsvjvxh and',0,11,177,1,'PAYID-LROU77Q6BE14231LE130320B',1075,1074,1310,1,1387,1388,11,11,NULL,NULL,NULL,NULL,NULL,NULL,NULL,'0'),(293,'1','testing0003','2019-02-17 20:30:00','60','abhi','9988528141','a@gmail.com',162,163,29,'Bdbdbxxbxjckdkkd dbdndndkkskskjsjxjxd dbfndkdkmdnsnsnsnxbcbjcjjnfhxxjnbxxbxnnxjkddknsnsbshsjiddnbdjfidd ',0,12,166,0,NULL,1076,1075,13,0,1389,1390,12,1,NULL,NULL,NULL,NULL,NULL,NULL,NULL,NULL),(294,'1','testing0003','2019-02-17 20:30:00','60','abhi','9988528141','a@gmail.com',162,163,29,'Bdbdbxxbxjckdkkd dbdndndkkskskjsjxjxd dbfndkdkmdnsnsnsnxbcbjcjjnfhxxjnbxxbxnnxjkddknsnsbshsjiddnbdjfidd ',0,12,166,0,NULL,1077,1076,13,0,1391,1392,12,1,NULL,NULL,NULL,NULL,NULL,NULL,NULL,NULL),(295,'0','Test4','2019-02-12 08:25:00','0.5','avni singh','9041708569','avni@gmail.com',189,258,44,'hdhdjdjsjs dbdjdjdnddbbbxyxnsmxmdmnsnnsudbdndnd dhdnddgdbxdmnsysndnndnxxydndndmndndd dkdkmdndndndnjdxyfndmdndndhx dndndkdkdkkfkd and dkdkmdndndndnjdxyfndmdndndhx djdkdkndxnjskksns so dndndkdkdkkfkd djdkdkndxnjskksns ddjdkkdkdmxx djdkdkndxnjskksns dndmkskksyssnskdknffjfjdksj shskkdnsndjdhddhhdd dndkkskksydndju',0,11,180,1,'PAY-85Y92473TE451161CLROVFWQ',1078,1077,629.03,1,1393,1394,11,11,NULL,NULL,NULL,NULL,NULL,'Rajni Thakur',NULL,'0'),(296,'0','dsdsd','2019-02-12 00:00:00','0.5','avni','9041708569','avni@gmail.com',259,260,44,'hdhdjdjsjs dbdjdjdnddbbbxyxnsmxmdmnsnnsudbdndnd djdjdbdjd\n',0,11,184,1,'PAY-776374161K4268804LROVKDQ',1079,1078,228.09,1,1395,1396,11,11,NULL,NULL,NULL,NULL,NULL,NULL,NULL,'0'),(297,'0','dsdsd','2019-02-19 12:00:00','0.5','avni singh','9041708569','avni@gmail.com',261,261,44,'bdbdnndd',0,11,184,1,'PAYID-LROVNPQ70867911TY0239625',1080,1079,100,1,1397,1398,11,11,NULL,NULL,NULL,NULL,NULL,NULL,NULL,'0'),(298,'1','Toyabc','2019-02-08 19:04:40','0.5','avni singh','9041708569','avni@gmail.com',203,203,44,'hdhdjdjsjs sbsjjsjsssbsnnsjs sbsnjssnsndjs dbdjdknddjdjd dnddjdjdjcjsjnskssnsjdnxnnxjddjdkndxnd bdbdnndd shsbsnnsbdbxbxbdysbsjsjjsxyshjsjsjxccjckcjcsgshjdjdjbdbbvvghzvvvbabshdjdjdjdk dbjxjdjdkdhshhid dB dhjjjdtdhjdkxkdj dhjskkxnjdtdhdkkns so dbdjbsbxjndjx dbdjjsbbsdydydxbnskajbsysbsjnsbxbxjd shjsjsbxjdjnxyxhjsksbsb do dhsjksbsbbstsbsbsjsj shshjsjjsgdgx shsbsnnsbdbxbxbdysbsjsjjsxyshjsjsjxccjckcjcsgshjdjdjbdbbvvghzvvvbabshdjdjdjdk dbshsjsiks shshjsjjsgdgx shshjsjjsgdgx shsjksjsysgsbjkstsvshajjxus hdhdjdjsjs shsjksjsysgsbjkstsvshajjxus shsjksjsysgsbjkstsvshajjxus shsjksjsysgsbjkstsvshajjxus shsjksjsysgsbjkstsvshajjxus Shias shjsjsbxjdjnxyxhjsks shshjsjjsgdgx',0,11,171,0,NULL,1081,1080,100,1,1399,1400,11,11,NULL,NULL,NULL,NULL,NULL,'Rajni Thakur',NULL,'0'),(299,'0','Monks','2019-02-11 13:33:03','352.0','ami jackson','88054623569','ami@azuratech.in',216,263,50,'hdhdhshsvxvxhdj sbshjs sbshjs sbshjs shs shhsbshsjx dbdjdk hdhdjdjsjs sbshjs sjsjsbsggsudknsbs zbzjjzbsbsjbhjsjsjjs',0,12,173,1,'PAY-9JM886501J322504YLRQRBFI',1085,1084,3325,0,1404,1405,12,1,NULL,NULL,NULL,NULL,NULL,NULL,NULL,NULL),(300,'1','Clothes','2019-02-11 17:00:02','14.0','avni singh','9041708569','avni@gmail.com',51,215,44,'',0,11,166,0,NULL,1086,1085,150,1,1406,1407,11,11,NULL,NULL,NULL,NULL,NULL,'Rajni Thakur',NULL,'0'),(301,'1','Clothes','2019-02-12 12:00:00','0.5','avni singh','9041708569','avni@gmail.com',51,215,44,'hiii',0,11,166,0,NULL,1087,1086,100,1,1408,1409,11,11,NULL,NULL,NULL,NULL,NULL,NULL,NULL,'0'),(302,'1','Clothes','2019-02-14 12:00:00','0.5','avni singh','9041708569','avni@gmail.com',64,0,44,'hii\n',0,NULL,166,0,NULL,NULL,NULL,126.87,1,NULL,NULL,NULL,11,NULL,NULL,NULL,NULL,NULL,NULL,NULL,NULL),(303,'1','Books','2019-02-15 12:00:00','0.5','Harsh Thakur','9041708561','harsh@azuratech.in',64,264,43,'hiii',0,8,176,0,NULL,1089,1088,106.41,0,1412,1413,8,8,NULL,NULL,NULL,NULL,NULL,'Rajni Thakur',NULL,'0'),(304,'1','Jeans','2019-02-14 12:00:00','121.0','kunal','9041708561','avni@gmail.com',265,266,44,'hiiiiiiiiii and the other day and I will be in the future of our games are based on the phone with me and',0,8,174,0,NULL,1097,1096,1195,0,1421,1422,8,8,NULL,NULL,NULL,NULL,NULL,'Rajni Thakur',NULL,'0'),(305,'0','Burger king','2019-02-13 14:29:25','0.5','avni singh','9041708561','avni@gmail.com',267,268,44,'hvvchv\nvhvhhvygygugug hvhvh hvhvhvuvugycfxhv vhvgvn hvjbj',0,11,172,1,'PAYID-LRR4CWQ4EB87860SR652561A',1101,1100,621.04,1,1426,1427,11,11,NULL,NULL,NULL,NULL,NULL,NULL,NULL,'0'),(306,'0','Toyabc','2019-02-13 14:59:22','0.5','avni singh','9041708569','avni@gmail.com',82,82,44,'',0,11,171,1,'PAY-3NH70178GL356801WLRR46FA',1111,1110,100,1,1437,1438,11,11,NULL,NULL,NULL,NULL,NULL,NULL,NULL,'0'),(307,'0','Test2','2019-02-13 17:01:15','0.5','avni singh','9041708569','avni@gmail.com',264,57,44,'tctctctcctc\n',0,11,177,1,'PAYID-LRR6KMQ12A212096N3568446',1113,1112,100,1,1440,1441,11,11,NULL,NULL,NULL,NULL,NULL,NULL,NULL,'0'),(308,'0','Jeans','2019-02-13 17:22:57','491.0','avni singh','9041708569','avni@gmail.com',269,216,44,'dhzhdhd',0,11,174,1,'PAY-4C946034HJ445181WLRR6S4Y',1114,1113,3815,1,1442,1443,11,11,NULL,NULL,NULL,NULL,NULL,NULL,NULL,'0'),(309,'0','Jeans','2019-02-13 17:22:57','491.0','avni singh','9041708569','avni@gmail.com',269,216,44,'dhzhdhd',0,11,174,1,'PAY-58F97847NL119700PLRR6TGA',1115,1114,3815,1,1444,1445,11,11,NULL,NULL,NULL,NULL,NULL,NULL,NULL,'0'),(310,'0','Toyabc','2019-02-13 17:27:23','0.5','avni singh','9041708569','avni@gmail.com',224,224,44,'ffh',0,11,171,1,'PAY-9R448373JK873363JLRR6UHQ',1118,1117,100,1,1448,1449,11,11,NULL,NULL,NULL,NULL,NULL,NULL,NULL,'0'),(311,'0','films','2019-02-13 17:38:38','0.5','avni singh','9041708569','avni@gmail.com',270,64,44,'hdhdjdjsjs xbddnd dbdnd dnjd\n',0,11,181,1,'PAYID-LRR6Z6Y4YD1492603317434U',1119,1118,107.38,1,1450,1451,11,11,NULL,NULL,NULL,NULL,NULL,NULL,NULL,'0'),(312,'0','Burger king','2019-02-13 18:26:10','0.5','avni singh','9041708569','avni@gmail.com',269,26,44,'hiiii',0,12,172,1,'PAY-8LU64656JY7555123LRR7QDA',1125,1124,909.92,0,1457,1458,12,1,NULL,NULL,NULL,NULL,NULL,NULL,NULL,NULL),(313,'0','Burger king','2019-02-13 18:36:43','0.5','avni singh','9041708561','avni@gmail.com',115,251,44,'jdjddj',0,12,172,1,'PAYID-LRR7U5I4AB993966K9402545',1126,1125,323.6,0,1459,1460,12,1,NULL,NULL,NULL,NULL,NULL,NULL,NULL,NULL),(314,'0','Burger king','2019-02-13 18:36:43','0.5','avni singh','9041708561','avni@gmail.com',115,251,44,'jdjddj',0,12,172,1,'PAY-1TC30408HW859672JLRR7VFI',1127,1126,323.6,0,1461,1462,12,1,NULL,NULL,NULL,NULL,NULL,NULL,NULL,NULL),(315,'0','films','2019-02-13 19:14:13','0.5','avni singh','9041708563','avni@gmail.com',217,217,44,'',0,12,175,1,'PAYID-LRSAH4Y0YC142533X926754W',1128,1127,100,0,1463,1464,12,1,NULL,NULL,NULL,NULL,NULL,NULL,NULL,NULL),(316,'0','Test2','2019-02-13 19:24:02','0.5','avni singh','9041708569','avni@gmail.com',57,27,44,'hshs',0,12,177,1,'PAYID-LRSAK7I79570216WE125361R',1129,1128,100,0,1465,1466,12,1,NULL,NULL,NULL,NULL,NULL,NULL,NULL,NULL),(317,'0','Burger king','2019-02-13 19:27:31','0.5','avni singh','9041708569','avni@gmail.com',34,271,44,'hshshs',0,12,172,1,'PAYID-LRSAM2I4P306476697094033',1130,1129,275.84,0,1467,1468,12,1,NULL,NULL,NULL,NULL,NULL,NULL,NULL,NULL),(318,'0','Jeans','2019-02-13 19:30:56','0.5','avni singh','9041708569','avni@gmail.com',272,205,44,'hehdjd',0,12,174,1,'PAYID-LRSAOJQ5P013942UY0032300',1131,1130,1092.57,0,1469,1470,12,1,NULL,NULL,NULL,NULL,NULL,NULL,NULL,NULL);
/*!40000 ALTER TABLE `bookings` ENABLE KEYS */;
UNLOCK TABLES;

--
-- Table structure for table `categories`
--

DROP TABLE IF EXISTS `categories`;
/*!40101 SET @saved_cs_client     = @@character_set_client */;
/*!40101 SET character_set_client = utf8 */;
CREATE TABLE `categories` (
  `category_id` int(10) unsigned NOT NULL AUTO_INCREMENT,
  `template_id` int(11) DEFAULT '0',
  `category_name` varchar(245) DEFAULT 'null',
  `category_image` varchar(245) DEFAULT 'null',
  `category_description` varchar(245) DEFAULT 'null',
  `created_at` timestamp NULL DEFAULT CURRENT_TIMESTAMP,
  `updated_at` timestamp NULL DEFAULT CURRENT_TIMESTAMP ON UPDATE CURRENT_TIMESTAMP,
  `parent_category` tinyint(11) DEFAULT '0',
  `status` int(11) DEFAULT '0',
  `duration` int(22) DEFAULT NULL,
  PRIMARY KEY (`category_id`)
) ENGINE=InnoDB AUTO_INCREMENT=49 DEFAULT CHARSET=latin1;
/*!40101 SET character_set_client = @saved_cs_client */;

--
-- Dumping data for table `categories`
--

LOCK TABLES `categories` WRITE;
/*!40000 ALTER TABLE `categories` DISABLE KEYS */;
INSERT INTO `categories` VALUES (29,166,'Clothes','https://s3.us-east-2.amazonaws.com/aztech-qengine/Qengine/upload_02efbd89c0e9eb9e105f6cef6fc51b75.jpeg','Testing','2019-01-25 06:56:22','2019-02-08 04:57:38',0,0,30),(33,171,'Toyabc','https://s3.us-east-2.amazonaws.com/aztech-qengine/Qengine/upload_7a4fd7e95334221c96be4de5125e30c7.png','dfhfh','2019-01-28 10:06:10','2019-01-28 10:06:10',0,0,2),(34,172,'Burger king','https://s3.us-east-2.amazonaws.com/aztech-qengine/Qengine/upload_7b4c3c2211cc34826141b53a9b3ca22f.jpeg','Testing','2019-01-29 12:21:25','2019-01-29 12:21:25',0,0,36),(35,173,'Monks','https://s3.us-east-2.amazonaws.com/aztech-qengine/Qengine/upload_0ad463135523f60f7b510be02f214bac.png','Monks do Meditation','2019-01-30 04:51:33','2019-01-30 04:51:33',0,0,20),(36,174,'Jeans','https://s3.us-east-2.amazonaws.com/aztech-qengine/Qengine/upload_a08a4e6fab021fd86426f884b29bca3c.png','Jeans','2019-01-30 06:11:27','2019-01-30 06:11:27',0,0,20),(37,175,'films','https://s3.us-east-2.amazonaws.com/aztech-qengine/Qengine/upload_3130f837f13f628b75bc7bccb1f49dcc.png','bad product','2019-02-01 07:47:34','2019-02-08 05:21:19',0,0,40),(38,176,'Books',NULL,'All type of books are available','2019-02-01 11:12:54','2019-02-07 09:58:06',0,0,80),(39,177,'Test2','https://s3.us-east-2.amazonaws.com/aztech-qengine/Qengine/upload_68c8ed2dc16c3a69c59ebaba0d33637d.png','ghgh','2019-02-01 11:14:43','2019-02-01 11:14:43',0,0,80),(40,178,'Test3','https://s3.us-east-2.amazonaws.com/aztech-qengine/Qengine/upload_88abd7d8aec433677ef1393a599b8add.png','gkk','2019-02-01 11:15:55','2019-02-01 11:15:55',0,0,80),(41,179,'Test4','https://s3.us-east-2.amazonaws.com/aztech-qengine/Qengine/upload_dc6483016862003532bbd157b1e91cba.jpeg','gfjj','2019-02-01 11:16:28','2019-02-01 11:16:28',0,0,80),(42,180,'Test4','https://s3.us-east-2.amazonaws.com/aztech-qengine/Qengine/upload_5e52a8bbbf59e475d30dd90373b11d1c.png','hjghg','2019-02-01 11:17:02','2019-02-01 11:17:02',0,0,80),(43,181,'films','https://s3.us-east-2.amazonaws.com/aztech-qengine/Qengine/upload_3130f837f13f628b75bc7bccb1f49dcc.png','bad product','2019-02-07 11:05:23','2019-02-07 11:15:37',0,0,40),(44,182,'fghgf','https://s3.us-east-2.amazonaws.com/aztech-qengine/Qengine/upload_70f0567ba242b51bebed5358bc17da61.png','fghgf','2019-02-07 12:53:50','2019-02-07 12:54:04',0,1,56),(45,183,'klkl','https://s3.us-east-2.amazonaws.com/aztech-qengine/Qengine/upload_932cc56633e54745451d57380a051ce7.jpeg','klkl','2019-02-08 05:46:58','2019-02-08 05:46:58',0,0,90),(46,184,'dsdsd','https://s3.us-east-2.amazonaws.com/aztech-qengine/Qengine/upload_f0a3e2df5572eb9f443ada069475cadd.png','sdsdsds','2019-02-08 07:42:21','2019-02-08 07:42:21',0,0,12),(47,185,'..','https://s3.us-east-2.amazonaws.com/aztech-qengine/Qengine/upload_97c2d2fa2f496d533cd398310d109e3f.png','...','2019-02-12 06:53:08','2019-02-12 07:52:09',0,1,1),(48,186,'..','https://s3.us-east-2.amazonaws.com/aztech-qengine/Qengine/upload_0d4be79e01d7cea64292fd4e29d02725.png','..','2019-02-12 07:49:39','2019-02-12 07:52:11',0,1,6);
/*!40000 ALTER TABLE `categories` ENABLE KEYS */;
UNLOCK TABLES;

--
-- Table structure for table `contact_topics`
--

DROP TABLE IF EXISTS `contact_topics`;
/*!40101 SET @saved_cs_client     = @@character_set_client */;
/*!40101 SET character_set_client = utf8 */;
CREATE TABLE `contact_topics` (
  `id` int(11) unsigned NOT NULL AUTO_INCREMENT,
  `field_name` varchar(100) DEFAULT NULL,
  `status` int(11) DEFAULT '1',
  PRIMARY KEY (`id`)
) ENGINE=InnoDB AUTO_INCREMENT=5 DEFAULT CHARSET=latin1;
/*!40101 SET character_set_client = @saved_cs_client */;

--
-- Dumping data for table `contact_topics`
--

LOCK TABLES `contact_topics` WRITE;
/*!40000 ALTER TABLE `contact_topics` DISABLE KEYS */;
INSERT INTO `contact_topics` VALUES (1,'Bike Maintenance',1),(2,'Application Related',1),(3,'Wrong Fare Calculated',1),(4,'Promotions',1);
/*!40000 ALTER TABLE `contact_topics` ENABLE KEYS */;
UNLOCK TABLES;

--
-- Table structure for table `customer_address`
--

DROP TABLE IF EXISTS `customer_address`;
/*!40101 SET @saved_cs_client     = @@character_set_client */;
/*!40101 SET character_set_client = utf8 */;
CREATE TABLE `customer_address` (
  `address_id` int(10) unsigned NOT NULL AUTO_INCREMENT,
  `customer_address` varchar(245) DEFAULT 'null',
  `customer_id` int(11) NOT NULL,
  `address_lat` varchar(245) DEFAULT 'null',
  `address_long` varchar(245) DEFAULT 'null',
  `status` int(11) DEFAULT '0',
  PRIMARY KEY (`address_id`)
) ENGINE=InnoDB AUTO_INCREMENT=273 DEFAULT CHARSET=latin1;
/*!40101 SET character_set_client = @saved_cs_client */;

--
-- Dumping data for table `customer_address`
--

LOCK TABLES `customer_address` WRITE;
/*!40000 ALTER TABLE `customer_address` DISABLE KEYS */;
INSERT INTO `customer_address` VALUES (25,'MDC Sector 4',10,'30.726231700000003','76.8562405',0),(26,'Chandigarh',10,'30.7333148','76.7794179',0),(27,'Panchkula',10,'30.6942091','76.860565',0),(28,'India',1,'11.8521412','21.7225915',0),(29,'zkp',1,'40.7333','52.7794',0),(30,'Charlotte',10,'35.227086899999996','-80.8431267',0),(31,'New York',10,'40.7127753','-74.0059728',0),(32,'Delhi',10,'28.686273800000006','77.2217831',0),(33,'Noida',10,'28.535516100000002','77.3910265',0),(34,'Gurugram',10,'28.459496499999997','77.0266383',0),(35,'MDV',10,'38.9100459','-76.8970539',0),(36,'Chaska',10,'44.7893446','-93.60183889999999',0),(37,'Alwar',10,'27.552990699999995','76.6345735',0),(38,'Bharatpur',10,'27.216981','77.489515',0),(39,'Gurh',10,'24.501756399999994','81.5075214',0),(40,'Indore',10,'22.719568699999996','75.8577258',0),(41,'Chandni Chowk',10,'28.650594200000004','77.23032839999999',0),(42,'Delgany Street',10,'39.7607272','-104.9915699',0),(43,'UUfie',10,'43.661836','-79.44729199999999',0),(44,'HD-6, Akurli Road',10,'19.1958584','72.8752402',0),(45,'Sector 5',10,'30.714348799999993','76.8504744',0),(46,'Chicago',1,'41.8781136','-87.6297982',0),(47,'China',1,'35.86166000000001','104.195397',0),(48,'Sector 20 Road',1,'30.659530099999998','76.8489106',0),(49,'Phase 1 Gurunanak Market',1,'30.728114','76.71653309999999',0),(50,'Elante Mall',1,'30.705492999999993','76.8012561',0),(51,'Chandigarh',1,'30.702393299999994','76.8214717',0),(52,'Sector 34A',1,'30.72330599999999','76.76611369999999',0),(53,'Panchavati',2,'20.0058802','73.7933809',0),(54,'Post Office Sector 55',1,'30.7279311','76.7225105',0),(55,'Sector 16',1,'30.746441800000003','76.7783748',0),(56,'Dhakoli',2,'30.654352299999996','76.84519039999999',0),(57,'Azuratech',2,'30.722591500000004','76.85214119999999',0),(58,'Brahmrishi Yoga Training College',2,'30.7310131','76.79748359999999',0),(59,'Miami Dade College Kendall Campus',1,'25.673697999999995','-80.373049',0),(60,'Maple Apartments',2,'30.647820799999998','76.8456558',0),(61,'Spangle Condos',2,'30.646883700000004','76.8460836',0),(62,'Mansa Devi Temple Complex',1,'30.7208817','76.8591235',0),(63,'Chandigarh Metro Media Pvt Ltd',1,'30.7226796','76.8520937',0),(64,'Chandimandir Cantonment',1,'30.724212899999998','76.8778612',0),(65,'Sector 4',1,'30.725499099999997','76.85419519999999',0),(66,'Sector 17',1,'30.739833900000004','76.782702',0),(67,'Sector 6 Market Road',1,'30.7056325','76.8605766',0),(68,'Chandimandir Shopping Complex',1,'30.721643800000002','76.87518949999999',0),(69,'NeMo Tech Pvt.Ltd.',1,'30.692525100000008','76.8774399',0),(70,'Tech Mahindra Limited',1,'30.729711099999996','76.8376488',0),(71,'Chitkara Incubator, Mansa Devi Complex, Bhainsa Tibba, MDC Sector 4, Panchkula, Haryana 134114, India',6,'30.72267249999999','76.85212890625',0),(72,'1521, Himalaya Marg, Sector 18D, Sector 18, Chandigarh, 160018, India',6,'30.733137500000012','76.78033984374996',0),(73,'Unnamed Road, Mansa Devi Complex, Rail Vihar, MDC Sector 4, Panchkula, Haryana 134114, India',6,'30.723222500000006','76.85280859374998',0),(74,'New MDC Sector-4 Rd, Mansa Devi Complex, Rail Vihar, MDC Sector 4, Panchkula, Haryana 134114, India',6,'30.724977499999998','76.85312109374999',0),(75,'New Motor Market, Manimajra, Chandigarh, Haryana 160101, India',6,'30.715588599999993','76.842944',0),(76,'15, Purv Marg, 31C, Sector 31, Chandigarh, 160030, India',6,'30.701635','76.78177199999999',0),(77,'185, Purv Marg, Bapu Dham Colony, Sector 26 East, Chandigarh, 160101, India',6,'30.721312000000008','76.81779399999999',0),(78,'Chitkara Incubator, Mansa Devi Complex, Bhainsa Tibba, MDC Sector 4, Panchkula, Haryana 134114, India',1,'30.7226925','76.85212109375001',0),(79,'SCF 10-11, Mansa Devi Complex, Bhainsa Tibba, MDC Sector 4, Panchkula, Haryana 134112, India',1,'30.722575000000003','76.852121',0),(80,'SCF 10-11, Sector-4, Mansa Devi Complex, Chitkara Innovation Incubator, Near Punjab National Bank, Mansa Devi Complex, Bhainsa Tibba, MDC Sector 4, Panchkula, Haryana 134109, India',1,'30.722662999999994','76.85217800000001',0),(81,'Near Railway Station, Dariya Reserved Forest, Daria, Chandigarh, 160002, India',1,'30.703168','76.81876749999999',0),(82,'Chitkara Incubator, Mansa Devi Complex, Bhainsa Tibba, MDC Sector 4, Panchkula, Haryana 134114, India',1,'30.7226925','76.85212890625',0),(83,'115, Phase - I, Manimajra, Chandigarh, Haryana 161101, India',1,'30.72980750000001','76.84600390624999',0),(84,'SCO 137, MDC - 5, First Floor, Swastik Vihar, Mansa Devi Complex, Rail Vihar, MDC Sector 4, Panchkula, Haryana 134114, India',1,'30.72320249999999','76.85347265625003',0),(85,'SCO-83, Ist Floor, Sector 5,, Mansa Devi Complex, Rail Vihar, MDC Sector 4, Panchkula, Haryana 134114, India',1,'30.7231132','76.8533575',0),(86,'Sector 11, Panchkula, Haryana 134117, India',1,'30.682571199999995','76.8498212',0),(87,'Rajiv Gandhi Chandigarh IT Park, Village Kishangarh, Infosys Ltd., Plot No.1, Phase - I, Manimajra, Chandigarh, Haryana 160101, India',1,'30.727407200000002','76.8436267',0),(88,'Zirakpur, Punjab 140603, India',10,'30.6589712','76.82128900000001',0),(89,'Shop No. 5 Sector 8 B Road 616-505, Sector 9, Panchkula, Haryana 134109, India',10,'30.6995823','76.84450439999999',0),(90,'Unnamed Road, Mansa Devi Complex, MDC Sector 4, Sukteri, Haryana 134114, India',10,'30.730197500000013','76.85485546875002',0),(91,'329, Sector 7, Panchkula, Haryana 134109, India',10,'30.703667499999998','76.84499609374998',0),(92,'SYNC-GLOBAL, Innovation Incubator, #1, Ground Floor, 134114, IT Park Rd, Mansa Devi Complex, Phase - I, MDC Sector 4, Panchkula, Haryana 160101, India',9,'30.722703799999994','76.85214069999999',0),(93,'Sco 703, Chandigarh - Panchkula Road,Manimajra, Opp. Fun Republic Mall, NAC Manimajra, Chandigarh, Haryana 160101, India',9,'30.711791199999997','76.845772',0),(94,'IT Park Rd, Phase - I, Manimajra, Chandigarh, Haryana, India',10,'30.7255129','76.8463414',0),(95,'12/33, Old NAC Rd, Main Bazar, Manimajra, Chandigarh, Haryana 160101, India',9,'30.71317250000001','76.83848046875002',0),(96,'Manimajra, Chandigarh, 160102, India',10,'30.709084','76.829585',0),(97,'New Road, Phase-1, Dariya Reserved Forest, Daria, Chandigarh, 160102, India',10,'30.6951962','76.80521499999999',0),(98,'Shop No.146/2, Behind Hotel Royal Plaza, V.P.O., Dariya, Chandigarh, Dariya Reserved Forest, Daria, Chandigarh, 160101, India',11,'30.703252499999998','76.81734765625',0),(99,'Mansa Devi Complex, SCF 3, Sector 4, Near IT park Road, Panchkula, Haryana 134114, India',11,'30.725744999999996','76.85401999999999',0),(100,'Chitkara Incubator, Mansa Devi Complex, Bhainsa Tibba, MDC Sector 4, Panchkula, Haryana 134114, India',11,'30.7227375','76.85213671874996',0),(101,'Chitkara Incubator, Mansa Devi Complex, Bhainsa Tibba, MDC Sector 4, Panchkula, Haryana 134114, India',11,'30.7227325','76.85213671874996',0),(102,'Main Bazar, Manimajra, Chandigarh, Haryana 160101, India',9,'30.714013','76.8405406',0),(103,'B1101, Dhakoli, Zirakpur, Punjab 160104, India',9,'30.647912499999993','76.84528515625001',0),(104,'Chandigarh-Patiala National Highway (NH- 64), Village, Jansla, Rajpura, Punjab 140401, India',9,'30.5160865','76.6597778',0),(105,'B1101, Dhakoli, Zirakpur, Punjab 160104, India',9,'30.6476375','76.84515234375002',0),(106,'Sanauli, Punjab, India',9,'30.634607000000003','76.857682',0),(107,'Chitkara Incubator, Mansa Devi Complex, Bhainsa Tibba, MDC Sector 4, Panchkula, Haryana 134114, India',9,'30.7227325','76.85214453124999',0),(108,'Chitkara Incubator, Mansa Devi Complex, Bhainsa Tibba, MDC Sector 4, Panchkula, Haryana 134114, India',9,'30.7227325','76.85214453124999',0),(109,'1887, Vikas Nagar, Chandigarh, Haryana 160102, India',9,'30.6898861','76.8201516',0),(110,'Plot No 1, Bella Vista - Majri Chowk Road Near, Government College, Sector 2, Panchkula, Haryana 134109, India',9,'30.699929700000002','76.8678295',0),(111,'Peermuchalla, Peer Muchalla, Bir Pir Machhalia, Punjab 160104, India',9,'30.665777400000003','76.8689222',0),(112,'Himachal Pradesh 174102, India',9,'31.100624399999997','76.7567368',0),(113,'Baddi, Himachal Pradesh, India',9,'30.9578258','76.79135579999999',0),(114,'Hoshiarpur, Punjab, India',10,'31.514317799999997','75.911483',0),(115,'Jalandhar, Punjab, India',10,'31.326015199999993','75.57618289999999',0),(116,'Chitkara Incubator, Mansa Devi Complex, Bhainsa Tibba, MDC Sector 4, Panchkula, Haryana 134114, India',10,'30.7227225','76.85214453124999',0),(117,'Sector 8, Panchkula, Haryana 134109, India',10,'30.700975999999997','76.8427779',0),(118,'Pathankot, Punjab 145001, India',10,'32.264337499999996','75.64211209999999',0),(119,'Sector 11, Panchkula, Haryana 134109, India',10,'30.6878901','76.8507348',0),(120,'Sector 5, Panchkula, Haryana 134108, India',10,'30.6948617','76.85660089999999',0),(121,'466, Nada Sahib Rd, Sector 7, Panchkula, Haryana 134109, India',10,'30.702977500000017','76.84128515625005',0),(122,'31-32, Sector 4, Panchkula, Haryana 134112, India',13,'30.69230750000002','76.85699609374998',0),(123,'SCO 9, First Floor, IT Park Road, Sector 4 MDC, Mansa Devi Complex, Bhainsa Tibba, MDC Sector 4, Panchkula, Haryana 134109, India',13,'30.722493999999998','76.85158',0),(124,'Sector 10, Budanpur, Panchkula Urban Estate, Haryana 134109, India',13,'30.687738000000007','76.844351',0),(125,'Sector 6, Panchkula, Haryana 134108, India',13,'30.70605879999999','76.8573451',0),(126,'Jungle Trail, Sector 1, Chandigarh, 160001, India',16,'30.741812500000012','76.83014453125',0),(127,'Shop No. 248, Near Govt. Model High School Mauli Jagran,, Mauli Jagran, Vikas Nagar, Chandigarh, Haryana 160102, India',17,'30.692328','76.823933',0),(128,'354, Sector 9, Sector 9, Panchkula, Haryana 134108, India',17,'30.6942505','76.8446178',0),(129,'Senior Wing, Sector 4, Panchkula, Panchkula, Sector 4, Chandigarh, 160012, India',17,'30.692295899999998','76.8606573',0),(130,'Sector 21, Budanpur, Panchkula, Haryana 134112, India',17,'30.67976790000001','76.8695378',0),(131,'Dhakoli, Zirakpur, Punjab 160104, India',17,'30.6478067','76.8449258',0),(132,'Sector 4, Panchkula Urban Estate, Haryana 134108, India',17,'30.691181','76.86010499999999',0),(133,'Nada, Haryana 134109, India',17,'30.679832700000002','76.8874203',0),(134,'Chandimandir Cantonment, Panchkula, Haryana 134109, India',17,'30.708959999999994','76.875447',0),(135,'B1101, Dhakoli, Zirakpur, Punjab 160104, India',17,'30.6476725','76.84516015625005',0),(136,'Sector 3, Panchkula, Haryana 134112, India',17,'30.6830816','76.87024889999999',0),(137,'Chaunki, Haryana 134109, India',17,'30.695305599999998','76.8850673',0),(138,'Dolphin Chowk, Mansa Devi Complex, Phase - I, Manimajra, Sukteri, Haryana, India',15,'30.729997500000014','76.85170703125002',0),(139,'194302',15,'33.6742725','76.30505078125',0),(140,'Sector 4, Mansa Devi Complex, Rail Vihar, MDC Sector 4, Sukteri, Haryana 134114, India',15,'30.7255773','76.8531096',0),(141,'104, Sector 17, Panchkula, Haryana 134109, India',11,'30.701477999999998','76.837396',0),(142,'Phase 7, Sector 61, Sahibzada Ajit Singh Nagar, Chandigarh 160062, India',11,'30.704018599999994','76.7296396',0),(143,'Chitkara Incubator, Mansa Devi Complex, Bhainsa Tibba, MDC Sector 4, Panchkula, Haryana 134114, India',15,'30.7227225','76.85213671874996',0),(144,'Sector 11, Panchkula, Haryana 134109, India',17,'30.685937600000003','76.8538981',0),(145,'Chitkara Incubator, Mansa Devi Complex, Bhainsa Tibba, MDC Sector 4, Panchkula, Haryana 134114, India',17,'30.7227375','76.85214453124999',0),(146,'Chitkara Incubator, Mansa Devi Complex, Bhainsa Tibba, MDC Sector 4, Panchkula, Haryana 134114, India',17,'30.7227375','76.85214453124999',0),(147,'Path to Shiv Mandir, Sukteri, Haryana 133301, India',11,'30.74336250000001','76.85891015625',0),(148,'Rupnagar, Punjab 140001, India',11,'30.9659168','76.5230234',0),(149,'178, MW Area, Industrial Area Phase I, Chandigarh, 160002, India',15,'30.70577549999999','76.80098219999999',0),(150,'Chitkara Incubator, Mansa Devi Complex, Bhainsa Tibba, MDC Sector 4, Panchkula, Haryana 134114, India',15,'30.722727499999994','76.85214453124999',0),(151,'Chitkara Incubator, Mansa Devi Complex, Bhainsa Tibba, MDC Sector 4, Panchkula, Haryana 134114, India',17,'30.722742500000003','76.85211328125004',0),(152,'Plot No.116-A, Near Chandigarh Railway Station, Dariya, Daria, Chandigarh, 160001, India',17,'30.6987687','76.8171627',0),(153,'Bus Station, Budanpur, Panchkula, Haryana 134108, India',14,'30.6921456','76.85237579999999',0),(154,'57, Mohali Bypass, Phase 6, Sector 58, Sahibzada Ajit Singh Nagar, Punjab 160047, India',14,'30.731625299999997','76.7054785',0),(155,'Housing Board Chowk, Chandigarh - Panchkula Rd, Manimajra, Chandigarh, 160101, India',17,'30.7088331','76.83831769999999',0),(156,'Sector E, Chandimandir Cantonment, Panchkula, Haryana 134107, India',17,'30.728434999999998','76.875681',0),(157,'Chitkara Incubator, Mansa Devi Complex, Bhainsa Tibba, MDC Sector 4, Panchkula, Haryana 134114, India',17,'30.722727499999994','76.85210546875001',0),(158,'Industrial Area Phase II, Chandigarh, 160003, India',17,'30.678553700000002','76.8043355',0),(159,'Infosys SDB-1, Phase - I, Manimajra, Chandigarh, Haryana 160101, India',15,'30.7277775','76.84519140625005',0),(160,'North-East Of Sukhna Lake, Chandigarh, India, India',14,'30.729627500000014','76.86944921874996',0),(161,'Village Singhpura, Ambala Chandigarh Expressway, Zirakpur, Sahibazada Ajit Sing, Zirakpur, Punjab 140603, India',17,'30.628950500000002','76.8213385',0),(162,'dash',8,'117.8521412','173.7225915',0),(163,'hash',8,'140.7333','152.7794',0),(164,'Jan Marg, 16B, Sector 16, Chandigarh, 160016, India',10,'30.747502599999997','76.7842409',0),(165,'4B, Sector 4, Chandigarh, 160001, India',10,'30.751892999999992','76.803752',0),(166,'Sector 43, Chandigarh, 160047, India',15,'30.716475299999992','76.744401',0),(167,'North-East Of Sukhna Lake, Chandigarh, India, India',15,'30.7729461','76.8571405',0),(168,'Mansa Devi Complex, MDC Sector 4, Sukteri, Haryana 133301, India',15,'30.730758100000003','76.8527502',0),(169,'SCO No 1, Sector 11, Panchkula, Haryana 134109, India',15,'30.689476999999993','76.852862',0),(170,'Chandigarh - Panchkula Rd, Mansa Devi Complex, Sector 5, Panchkula, Haryana 134108, India',9,'30.712746199999998','76.8489311',0),(171,'291, Sector 4, Mansa Devi Complex, MDC Sector 4, Panchkula, Haryana 134109, India',10,'30.723067500000003','76.85591796874999',0),(172,'1474, Ram Darbar, Chandigarh, 160002, India',10,'30.69199750000002','76.78687890625001',0),(173,'3rd Floor, West Side Mall, Near HDFC Building, Madhya Marg, Industrial Area Phase I, Chandigarh, 160002, India',15,'30.7126464','76.81025799999999',0),(174,'Vijayeta Marg, Raipur, Haryana 134107, India',10,'30.74324250000002','76.92014453124997',0),(175,'Unnamed Road, Sahibzada Ajit Singh Nagar, Punjab 140307, India',10,'30.648432499999988','76.68987890624996',0),(176,'SCF 10-11, Sector 4, MANSA DEVI COMPLEX, Mansa Devi Complex, Bhainsa Tibba, MDC Sector 4, Panchkula, Haryana 134109, India',15,'30.722764100000003','76.8521356',0),(177,'Panchkula, Haryana 134107, India',15,'30.75196600000001','76.84104500000001',0),(178,'182/84, Phase 1, Industrial Area Phase I, Chandigarh, 160002, India',10,'30.70276249999999','76.79868359374998',0),(179,'Unnamed Road, Ishar Nagar, Haryana 134102, India',10,'30.78032250000001','76.94123828125001',0),(180,'Rehmanpur, Punjab, India',15,'30.7800862','76.69468719999999',0),(181,'Punjab 140412, India',15,'30.711000300000002','76.4794435',0),(182,'Haryana, India',14,'29.0587757','76.085601',0),(183,'1030-31(Basement), SCO, 22B, Sector 22, Chandigarh, 160022, India',14,'30.735001399999998','76.7777248',0),(184,'Elante Mall, 178-178A, Purv Marg, Industrial Area Phase I, Chandigarh, 160002, India',22,'30.7053625','76.80150390625002',0),(185,'Jabrot, Haryana, India',22,'30.776767500000012','76.99258203125001',0),(186,'Sco 866, Chamber No 25, NAC, Manimajra, Dariya Reserved Forest, Daria, Chandigarh, 160101, India',22,'30.710187500000014','76.81937109375',0),(187,'Unnamed Road, Chikan, Haryana 134102, India',22,'30.752067500000003','76.9307929687499',0),(188,'huda sttaf cavater #3, Mansa Devi Complex, MDC Sector 4, Panchkula, Haryana 134114, India',22,'30.72431750000001','76.85638671874997',0),(189,'Hamirpur, Himachal Pradesh, India',22,'31.686174499999996','76.52130919999999',0),(190,'Jammu',22,'32.726601599999995','74.8570259',0),(191,'Vijayeta Marg, Jagatpur, Panchkula, Haryana 134107, India',22,'30.735152499999987','76.90626953124999',0),(192,'Kashmir, Himachal Pradesh 177006, India',22,'31.6318889','76.4020704',0),(193,'Shimla, Himachal Pradesh, India',22,'31.104814500000003','77.17340329999999',0),(194,'Mukerian, Punjab 144211, India',22,'31.956289700000003','75.61684079999999',0),(195,'IT Park Rd, Mansa Devi Complex, Phase - I, Manimajra, Sukteri, Haryana 134114, India',13,'30.72559750000002','76.85170703125002',0),(196,'Saketri Rd, Sukteri, Haryana 133301, India',13,'30.734772500000012','76.85243359374996',0),(197,'Sector 17, Panchkula, Haryana 134108, India',9,'30.6970039','76.836203',0),(198,'Chitkara Incubator, Mansa Devi Complex, Bhainsa Tibba, MDC Sector 4, Panchkula, Haryana 134114, India',22,'30.722712499999997','76.85214453124999',0),(199,'Chitkara Incubator, Mansa Devi Complex, Bhainsa Tibba, MDC Sector 4, Panchkula, Haryana 134114, India',22,'30.722712499999997','76.85214453124999',0),(200,'Chitkara Incubator, Mansa Devi Complex, Bhainsa Tibba, MDC Sector 4, Panchkula, Haryana 134114, India',22,'30.722712499999997','76.85213671874996',0),(201,'Punjab 143505, India',22,'31.781277499999995','75.21143359374999',0),(202,'Saketri Rd, Mansa Devi Complex, MDC Sector 4, Panchkula, Haryana 134114, India',10,'30.72728250000001','76.86092578125002',0),(203,'Chitkara Incubator, Mansa Devi Complex, Bhainsa Tibba, MDC Sector 4, Panchkula, Haryana 134114, India',28,'30.7226775','76.85214453124999',0),(204,'Category 3, Modern Housing Complex, Manimajra, Chandigarh, 160101, India',28,'30.712897500000018','76.83361328125002',0),(205,'Gujarat, India',27,'22.258652','71.1923805',0),(206,'Chitkara Incubator, Mansa Devi Complex, Bhainsa Tibba, MDC Sector 4, Panchkula, Haryana 134114, India',28,'30.7226925','76.85214453124999',0),(207,'990, Sector 2, Panchkula, Haryana 134109, India',28,'30.6969525','76.86511328125002',0),(208,'Chitkara Incubator, Mansa Devi Complex, Bhainsa Tibba, MDC Sector 4, Panchkula, Haryana 134114, India',27,'30.722727499999994','76.85213671874996',0),(209,'Unnamed Road, New Indira Colony, Nava Vadaj, Panchkula, Haryana 134114, India',27,'30.721052500000013','76.84534765625003',0),(210,'Hisar, Haryana, India',27,'29.1491875','75.7216527',0),(211,'Palampur, Himachal Pradesh, India',27,'32.1067246','76.5257007',0),(212,'Chitkara Incubator, Mansa Devi Complex, Bhainsa Tibba, MDC Sector 4, Panchkula, Haryana 134114, India',28,'30.7226925','76.85213671874996',0),(213,'Chitkara Incubator, Mansa Devi Complex, Bhainsa Tibba, MDC Sector 4, Panchkula, Haryana 134114, India',28,'30.72267249999999','76.85213671874996',0),(214,'Phase 6, Sector 56, Sahibzada Ajit Singh Nagar, Punjab 160055, India',34,'30.7355465','76.71207059999999',0),(215,'Main Market, Sector 4, Mansa Devi Complex, MDC Sector 4, Panchkula, Haryana 134112, India',34,'30.727567099999998','76.8548125',0),(216,'Kasauli, Himachal Pradesh, India',34,'30.90129','76.9648753',0),(217,'Chitkara Incubator, Mansa Devi Complex, Bhainsa Tibba, MDC Sector 4, Panchkula, Haryana 134114, India',40,'30.722682499999994','76.85213671874996',0),(218,'Unnamed Road, Gobindgarh, Punjab 140307, India',39,'30.625297499999995','76.65339453124997',0),(219,'Unnamed Road, Gobindgarh, Punjab 140307, India',39,'30.625297499999995','76.65339453124997',0),(220,'Patiala, Punjab, India',39,'30.339780900000004','76.3868797',0),(221,'Chitkara Incubator, Mansa Devi Complex, Bhainsa Tibba, MDC Sector 4, Panchkula, Haryana 134114, India',28,'30.72267249999999','76.85214453124999',0),(222,'Unnamed Road, Gudana, Punjab 140307, India',39,'30.626597499999995','76.68514453125002',0),(223,'Kalka - Shimla Rd, Chambaghat, Himachal Pradesh 173213, India',39,'30.9211625','77.10670703125001',0),(224,'Chitkara Incubator, Mansa Devi Complex, Bhainsa Tibba, MDC Sector 4, Panchkula, Haryana 134114, India',39,'30.7226775','76.85213671874996',0),(225,'Chitkara Incubator, Mansa Devi Complex, Bhainsa Tibba, MDC Sector 4, Panchkula, Haryana 134114, India',39,'30.7226775','76.85213671874996',0),(226,'Kasmiri, Uttar Pradesh 246733, India',39,'29.326534','78.4119492',0),(227,'Chitkara Incubator, Mansa Devi Complex, Bhainsa Tibba, MDC Sector 4, Panchkula, Haryana 134114, India',39,'30.722667499999996','76.85214453124999',0),(228,'Unnamed Road, Gariran, Haryana, India',39,'30.8263375','76.87346484374999',0),(229,'320, Part 2, Sector 20, Panchkula, Haryana 134117, India',39,'30.65967750000001','76.85005078125002',0),(230,'Sahibzada Ajit Singh Nagar, Punjab, India',39,'30.7046486','76.71787259999999',0),(231,'SCF 10-11, Chitkara Incubator, Sector 4 MDC , Panchkula, Mansa Devi Complex, Bhainsa Tibba, MDC Sector 4, Panchkula, Haryana 134109, India',39,'30.722668','76.8522316',0),(232,'3b2, Mohali Bypass, Phase 3B-2, Sector 60, Sahibzada Ajit Singh Nagar, Punjab 160071, India',43,'30.706110700000004','76.7170519',0),(233,'Mohali Village, Sahibzada Ajit Singh Nagar, Punjab 160055, India',43,'30.7291196','76.71719449999999',0),(234,'Ambala, Haryana, India',43,'30.378178799999997','76.7766974',0),(235,'360, Sector 9, Panchkula, Haryana 134109, India',28,'30.69486250000002','76.84117578125003',0),(236,'Plot No.-828, Industrial Area, Phase-2, Industrial Area Phase II, Chandigarh, 160002, India',43,'30.69633750000001','76.78023828125',0),(237,'2, Chandimandir Cantonment, Dara Kharoni, Haryana 134107, India',43,'30.733512500000007','76.87594140625',0),(238,'Noida Sector 18, Noida, Uttar Pradesh 201301, India',44,'28.5729847','77.32490430000001',0),(239,'Baddi Rd, Karoran, Punjab 133301, India',28,'30.8031475','76.82726953124998',0),(240,'Sector 16, Panchkula, Haryana 134108, India',28,'30.6951604','76.8401577',0),(241,'Unnamed Road, Chandigarh Airport Area, Punjab 160003, India',28,'30.675107500000017','76.80618359374998',0),(242,'Sector 3, Panchkula, Haryana 134112, India',28,'30.685952000000004','76.86677',0),(243,'MDC, Swastik Vihar, Phase ? 1, Sector 5, Panchkula, Haryana 134109, India',28,'30.71706749999999','76.8513243',0),(244,'IT City Rd, JLPL Industrial Area, Sahibzada Ajit Singh Nagar, Punjab 140306, India',28,'30.639847700000004','76.7363165',0),(245,'Raipur Kalan, Chandigarh, Haryana 160102, India',28,'30.686517099999996','76.8249999',0),(246,'Chitkara Incubator, Mansa Devi Complex, Bhainsa Tibba, MDC Sector 4, Panchkula, Haryana 134114, India',28,'30.722697500000002','76.85212890625',0),(247,'Sco-205 First Floor Sector 14,Above Bata Shoe store, BEL Colony, Sector 14, Panchkula Urban Estate, Haryana 134109, India',28,'30.683516100000002','76.84619049999999',0),(248,'Haridwar, Uttarakhand, India',45,'29.9456906','78.16424780000001',0),(249,'Una, Himachal Pradesh 174303, India',45,'31.468445','76.2707745',0),(250,'Amritsar, Punjab, India',44,'31.6339793','74.8722642',0),(251,'Ludhiana, Punjab, India',44,'30.900965','75.8572758',0),(252,'37 Brigade messes Chandimandir, Chandimandir Cantonment, Dara Kharoni, Haryana 134107, India',44,'30.733277499999993','76.88211328125001',0),(253,'Surajpur, Haryana, India',44,'30.762781699999998','76.90308060000001',0),(254,'Pinjore, Haryana, India',44,'30.797013','76.9177947',0),(255,'Solan, Himachal Pradesh, India',44,'30.904485700000002','77.0967357',0),(256,'Sirmaur, Himachal Pradesh, India',44,'30.562845499999998','77.4701972',0),(257,'Parwanoo, Himachal Pradesh, India',44,'30.8371639','76.96142549999999',0),(258,'Mandi Gobindgarh, Punjab, India',44,'30.663737799999996','76.3000419',0),(259,'Bilaspur, Himachal Pradesh, India',44,'31.342942599999994','76.7625073',0),(260,'Barsar, Himachal Pradesh 174305, India',44,'31.5255129','76.46064679999999',0),(261,'Chitkara Incubator, Mansa Devi Complex, Bhainsa Tibba, MDC Sector 4, Panchkula, Haryana 134114, India',44,'30.7226875','76.85213671874996',0),(262,'Chitkara Incubator, Mansa Devi Complex, Bhainsa Tibba, MDC Sector 4, Panchkula, Haryana 134114, India',44,'30.7226875','76.85213671874996',0),(263,'Mandawali, New Delhi, Delhi 110092, India',50,'28.6248312','77.29249949999999',0),(264,'New Civil Air Terminal, Mohali District, Sahibzada Ajit Singh Nagar, Punjab 140306, India',43,'30.667766099999994','76.7862287',0),(265,'Kurukshetra, Haryana, India',44,'29.969512100000003','76.878282',0),(266,'Kurali, Punjab, India',44,'30.8309927','76.5748309',0),(267,'Jalandhar - Delhi G.T. Road, Phagwara, Punjab 144411, India',44,'31.253603000000002','75.70366899999999',0),(268,'Phase 5, Sector 59, Sahibzada Ajit Singh Nagar, Punjab 160059, India',44,'30.711538999999995','76.71423000000001',0),(269,'Manali, Himachal Pradesh, India',44,'32.2396325','77.1887145',0),(270,'Jhiurheri, Punjab 160004, India',44,'30.668105599999993','76.7834701',0),(271,'Pedestrian Overpass, Bhur Bharat Nagar, Railway Colony, Madhopura, Ghaziabad, Uttar Pradesh 201009, India',44,'28.654044299999995','77.4264214',0),(272,'Surat, Gujarat, India',44,'21.170240099999997','72.83106070000001',0);
/*!40000 ALTER TABLE `customer_address` ENABLE KEYS */;
UNLOCK TABLES;

--
-- Table structure for table `customers`
--

DROP TABLE IF EXISTS `customers`;
/*!40101 SET @saved_cs_client     = @@character_set_client */;
/*!40101 SET character_set_client = utf8 */;
CREATE TABLE `customers` (
  `customer_id` int(11) unsigned NOT NULL AUTO_INCREMENT,
  `access_token` varchar(255) DEFAULT NULL,
  `customer_first_name` varchar(255) DEFAULT NULL,
  `customer_last_name` varchar(255) DEFAULT NULL,
  `customer_username` varchar(255) DEFAULT NULL,
  `customer_email` varchar(255) DEFAULT NULL,
  `customer_address` varchar(255) DEFAULT NULL,
  `customer_phone_number` varchar(255) DEFAULT NULL,
  `password` varchar(255) DEFAULT NULL,
  `created_at` timestamp NULL DEFAULT CURRENT_TIMESTAMP,
  `updated_at` timestamp NULL DEFAULT CURRENT_TIMESTAMP ON UPDATE CURRENT_TIMESTAMP,
  `customer_profile_picture` varchar(255) DEFAULT NULL,
  `country_code` varchar(22) DEFAULT NULL,
  `last_updated_location` int(11) DEFAULT NULL,
  `last_updated_lat` varchar(100) DEFAULT '0.00',
  `last_updated_long` varchar(100) DEFAULT '0.00',
  `password_reset` int(11) DEFAULT '0',
  `otp_code` varchar(45) DEFAULT NULL,
  `is_verify` tinyint(4) DEFAULT '0',
  `is_verify_forgot_pass` tinyint(4) DEFAULT '0',
  `forgot_pass_otp` varchar(45) DEFAULT 'null',
  `status` int(11) DEFAULT '0' COMMENT '1-Active, 0- Inactive, 2-Deleted',
  `device_type` varchar(45) DEFAULT NULL,
  `device_token` varchar(2045) DEFAULT '',
  `booking_count` int(11) DEFAULT NULL,
  `address_lat` varchar(245) DEFAULT NULL,
  `address_long` varchar(245) DEFAULT NULL,
  PRIMARY KEY (`customer_id`)
) ENGINE=InnoDB AUTO_INCREMENT=28 DEFAULT CHARSET=latin1;
/*!40101 SET character_set_client = @saved_cs_client */;

--
-- Dumping data for table `customers`
--

LOCK TABLES `customers` WRITE;
/*!40000 ALTER TABLE `customers` DISABLE KEYS */;
INSERT INTO `customers` VALUES (1,'$2a$10$GGmjHc/QGIOHYisid.7.I.1LMNFeRAddvE/1r/DLzedq6kFe6/.A2','Rishikesh','Chandra',NULL,'rishirebel@gmail.com',NULL,'8600627668','$2a$10$/7BCS8LpJlpI5u7sdeFd9OXW1qiv8qGBfF/a8bN8VYCP7XEo2kVeC','2019-04-12 10:12:25','2019-04-29 04:52:29','https://s3.us-east-2.amazonaws.com/aztech-qengine/Qengine/upload_7a9fd5a663284d35dba7541f4e2faa4d.png','+91',NULL,'0.00','0.00',1,NULL,0,0,'null',0,'1','eH6RaFk8d4U:APA91bElooXwlvbsL1EY2b1730vNs9lGSlAmX89-5-cWR7_Eybv2WmM1sdL6O3hp4S4pGsWVc8ZVOGfRmS6aLISmMCPO9i7pOsgZG7_L3-Ek7jQLCMZA3tWBwuv7KCT_gHlBIX-9mAH5',NULL,NULL,NULL),(2,'$2a$10$awBqO2LyL0ljrnk.bouqre3c7566Mi2AaMly.0gWR1/rkevq9WyaS','puneet','kumar',NULL,'puneet@azuratech.in',NULL,'7009236630','$2a$10$awBqO2LyL0ljrnk.bouqre3c7566Mi2AaMly.0gWR1/rkevq9WyaS','2019-04-12 11:06:07','2019-04-12 11:06:07','https://s3.us-east-2.amazonaws.com/aztech-qengine/Qengine/upload_3d21a19d612b98f0f68e5cacef78ed11.png','+91',NULL,'0.00','0.00',0,NULL,0,0,'null',0,'2','312312312',NULL,NULL,NULL),(3,'$2a$10$vW9uhiZVYkvqnj0pIjs9M.o.W5YbX/TORzwtHgb6gCt.YcdaIcTdu','puneet','kumar',NULL,'puneet@azuratech.in',NULL,'7009236631','$2a$10$vW9uhiZVYkvqnj0pIjs9M.o.W5YbX/TORzwtHgb6gCt.YcdaIcTdu','2019-04-14 04:22:03','2019-04-14 04:22:03','https://s3.us-east-2.amazonaws.com/aztech-qengine/Qengine/upload_7baa9fc5645a78db2991484b6fd2556b.png','+91',NULL,'0.00','0.00',0,NULL,0,0,'null',0,'2','312312312',NULL,NULL,NULL),(4,'$2a$10$LBPhWWJ3rC7bXOJ7j.QmB.TvTNOnPSrc1ek9780qvtaUDVBXAHtj2','puneet','kumar',NULL,'puneet@azuratech.in',NULL,'70092366304','$2a$10$LBPhWWJ3rC7bXOJ7j.QmB.TvTNOnPSrc1ek9780qvtaUDVBXAHtj2','2019-04-15 05:01:22','2019-04-15 05:01:22','https://s3.us-east-2.amazonaws.com/aztech-qengine/Qengine/upload_48258df39a96638ca6e267e59193cce9.png','+91',NULL,'0.00','0.00',0,NULL,0,0,'null',0,'2','312312312',NULL,NULL,NULL),(5,'$2a$10$GGmjHc/QGIOHYisid.7.I.1LMNFeRAddvE/1r/DLzedq6kFe6/.A2','Rishikesh','Chandra',NULL,'rishirebel@gmail.com',NULL,'8600627668','$2a$10$/7BCS8LpJlpI5u7sdeFd9OXW1qiv8qGBfF/a8bN8VYCP7XEo2kVeC','2019-04-15 05:40:27','2019-04-29 04:52:29','https://s3.us-east-2.amazonaws.com/aztech-qengine/Qengine/upload_7a9fd5a663284d35dba7541f4e2faa4d.png','+91',NULL,'0.00','0.00',1,NULL,0,0,'null',0,'1','eH6RaFk8d4U:APA91bElooXwlvbsL1EY2b1730vNs9lGSlAmX89-5-cWR7_Eybv2WmM1sdL6O3hp4S4pGsWVc8ZVOGfRmS6aLISmMCPO9i7pOsgZG7_L3-Ek7jQLCMZA3tWBwuv7KCT_gHlBIX-9mAH5',NULL,NULL,NULL),(6,'$2a$10$GGmjHc/QGIOHYisid.7.I.1LMNFeRAddvE/1r/DLzedq6kFe6/.A2','Rishikesh','Chandra',NULL,'rishirebel@gmail.com',NULL,'8600627668','$2a$10$/7BCS8LpJlpI5u7sdeFd9OXW1qiv8qGBfF/a8bN8VYCP7XEo2kVeC','2019-04-15 06:51:35','2019-04-29 04:52:29','https://s3.us-east-2.amazonaws.com/aztech-qengine/Qengine/upload_7a9fd5a663284d35dba7541f4e2faa4d.png','+91',NULL,'0.00','0.00',1,NULL,0,0,'null',0,'1','eH6RaFk8d4U:APA91bElooXwlvbsL1EY2b1730vNs9lGSlAmX89-5-cWR7_Eybv2WmM1sdL6O3hp4S4pGsWVc8ZVOGfRmS6aLISmMCPO9i7pOsgZG7_L3-Ek7jQLCMZA3tWBwuv7KCT_gHlBIX-9mAH5',NULL,NULL,NULL),(7,'$2a$10$MU0xaUcuKXo4u4Qb93SdU.9xxvsorAtIzcc6I7tzG6CXxJVEalxty','puneet','kumar',NULL,'puneet@azuratech.in',NULL,'70092366306','$2a$10$MU0xaUcuKXo4u4Qb93SdU.9xxvsorAtIzcc6I7tzG6CXxJVEalxty','2019-04-15 07:11:15','2019-04-15 07:11:15','https://s3.us-east-2.amazonaws.com/aztech-qengine/Qengine/upload_7262fb223b677a33999411eeb1c8d89e.png','+91',NULL,'0.00','0.00',0,NULL,0,0,'null',0,'2','312312312',NULL,NULL,NULL),(8,'$2a$10$GGmjHc/QGIOHYisid.7.I.1LMNFeRAddvE/1r/DLzedq6kFe6/.A2','Rishikesh','Chandra',NULL,'rishirebel@gmail.com',NULL,'8600627668','$2a$10$/7BCS8LpJlpI5u7sdeFd9OXW1qiv8qGBfF/a8bN8VYCP7XEo2kVeC','2019-04-15 09:30:50','2019-04-29 04:52:29','https://s3.us-east-2.amazonaws.com/aztech-qengine/Qengine/upload_7a9fd5a663284d35dba7541f4e2faa4d.png','+91',NULL,'0.00','0.00',1,NULL,0,0,'null',0,'1','eH6RaFk8d4U:APA91bElooXwlvbsL1EY2b1730vNs9lGSlAmX89-5-cWR7_Eybv2WmM1sdL6O3hp4S4pGsWVc8ZVOGfRmS6aLISmMCPO9i7pOsgZG7_L3-Ek7jQLCMZA3tWBwuv7KCT_gHlBIX-9mAH5',NULL,NULL,NULL),(9,'$2a$10$N.fdp73ekE.xs8IhVLHF8eUg914nkhIT2EKDiwMmwNFE9AGn1bXB6','jaded','asdf',NULL,'mani@gmail.com',NULL,'7988033632','$2a$10$N.fdp73ekE.xs8IhVLHF8eUg914nkhIT2EKDiwMmwNFE9AGn1bXB6','2019-04-15 10:31:48','2019-04-15 10:31:48','https://s3.us-east-2.amazonaws.com/aztech-qengine/Qengine/upload_8b1da519dcf4ebdcca16e150f09b42ca.jpg','+91',NULL,'0.00','0.00',0,NULL,0,0,'null',0,'2','312312312',NULL,NULL,NULL),(10,'$2a$10$gxaypNupLQyPT9D4Zn/VeObDVxr5XFyfyTiXQ0mLrBFXeQVl0Fymm','Hardik','Kadian',NULL,'hardikchoudhary19@gmail.com',NULL,'9958405225','$2a$10$gxaypNupLQyPT9D4Zn/VeObDVxr5XFyfyTiXQ0mLrBFXeQVl0Fymm','2019-04-15 10:40:30','2019-04-15 10:40:30','https://s3.us-east-2.amazonaws.com/aztech-qengine/Qengine/upload_9afee37a49a267b4b59fa8a91dfc1013.jpg','+91',NULL,'0.00','0.00',0,NULL,0,0,'null',0,'2','312312312',NULL,NULL,NULL),(11,'$2a$10$/.Pd52gWSFrGRV63Y8cqMeh30BnQHvzpkfPaTSofQPCTfMT7pAdHq','Rishikesh','Chandra',NULL,'rishirebel11@gmail.com',NULL,NULL,'$2a$10$/.Pd52gWSFrGRV63Y8cqMeh30BnQHvzpkfPaTSofQPCTfMT7pAdHq','2019-04-15 10:54:29','2019-04-15 10:54:29',NULL,NULL,NULL,'0.00','0.00',0,NULL,0,0,'null',0,'2','312312312',NULL,NULL,NULL),(12,'$2a$10$YZ5LmgbEQWDhVDtJfmhi.ewDp09zeoez36lw4qxuvC5.Y2Qs0qwjS','Rishikesh','Chandra',NULL,'mahajanananay07@gmail.com',NULL,'8600627668','$2a$10$/7BCS8LpJlpI5u7sdeFd9OXW1qiv8qGBfF/a8bN8VYCP7XEo2kVeC','2019-04-16 11:45:34','2019-04-24 08:48:21',NULL,'+91',NULL,'0.00','0.00',1,NULL,0,0,'null',0,'2','312312312',NULL,NULL,NULL),(13,'$2a$10$bXGFLFba4hoBlgMsNvxza.fRvw3gUzhli75BFuPJF9VQg50X45.Ky','Rishikesh','Chandra',NULL,'mahajanananay07+1@gmail.com',NULL,'8600627668','$2a$10$/7BCS8LpJlpI5u7sdeFd9OXW1qiv8qGBfF/a8bN8VYCP7XEo2kVeC','2019-04-16 11:47:53','2019-04-24 08:48:21',NULL,'+91',NULL,'0.00','0.00',1,NULL,0,0,'null',0,'2','312312312',NULL,NULL,NULL),(14,'$2a$10$l/5XryqFP6CakJuSivGSlOo6noAUdedY9t2vuJTDrb.1tQxieH0w2','Rishikesh','Chandra',NULL,'rishirebel+1@gmail.com',NULL,'8600627668','$2a$10$/7BCS8LpJlpI5u7sdeFd9OXW1qiv8qGBfF/a8bN8VYCP7XEo2kVeC','2019-04-16 11:52:35','2019-04-24 08:48:21',NULL,'+917009030382',NULL,'0.00','0.00',1,NULL,0,0,'null',0,'2','312312312',NULL,NULL,NULL),(15,'$2a$10$6rN65Ump.hr/aylfjj80KOwg.gmxFb6lx7pKEXMnob9MU2zh1OcR6','Rishikesh','Chandra',NULL,'abc@ab.aa',NULL,'8600627668','$2a$10$/7BCS8LpJlpI5u7sdeFd9OXW1qiv8qGBfF/a8bN8VYCP7XEo2kVeC','2019-04-16 11:54:40','2019-04-24 08:48:21',NULL,'',NULL,'0.00','0.00',1,NULL,0,0,'null',0,'2','312312312',NULL,NULL,NULL),(16,'$2a$10$iMRcW4.wRC6RUOHf0/Om1.LrjAGsZPZ.7CQ8clOL.eiVjfI.yAxsa','Ananay','Mahajan',NULL,'ananay.mahajan@volumetree.com',NULL,'7087728886','$2a$10$88IHRTH0TnajFgZ7NsyQ4ehkZV1N5x93jfqMLjEukDH9kQl4pQNte','2019-04-17 10:49:31','2019-04-23 07:22:06','https://s3.us-east-2.amazonaws.com/aztech-qengine/Qengine/upload_4656a930318c5478854b24ab4b9c60d5.jpg','+91',NULL,'0.00','0.00',0,NULL,0,0,'null',0,'47329','knf43242',NULL,NULL,NULL),(17,'$2a$10$4txJMAts3yDoTlYWpuQH3.uYclUXvU96qvd4DZzCk.LGjQlWFCHOu','hardik','kadian',NULL,'hardik@azuratech.in',NULL,'9958405225','$2a$10$4txJMAts3yDoTlYWpuQH3.uYclUXvU96qvd4DZzCk.LGjQlWFCHOu','2019-04-22 11:40:51','2019-04-22 11:40:51','https://s3.us-east-2.amazonaws.com/aztech-qengine/Qengine/upload_0ff525723e6c9e82c6b46d70913688c4.jpg','+91',NULL,'0.00','0.00',0,NULL,0,0,'null',0,'2','312312312',NULL,NULL,NULL),(18,'$2a$10$TkUFT5qTyFOkAAHk4tBrz.1XKE6UgJd3izvMXmn.Wf/8cQns7a10y','test','user',NULL,'test@user.com',NULL,'9958405225','$2a$10$TkUFT5qTyFOkAAHk4tBrz.1XKE6UgJd3izvMXmn.Wf/8cQns7a10y','2019-04-23 07:23:42','2019-04-23 07:23:42','https://s3.us-east-2.amazonaws.com/aztech-qengine/Qengine/upload_9e6c6804173c543e1b2d7b630fe00315.jpg','+91',NULL,'0.00','0.00',0,NULL,0,0,'null',0,'2','312312312',NULL,NULL,NULL),(19,'$2a$10$YSelC/vi9Gdh2oUCncWHNO845RgyxFFl.jl6xFZVcwWS8osxKZBcS','Rishikesh','Chandra',NULL,'rishirebel32@gmail.com',NULL,'8600627668','$2a$10$/7BCS8LpJlpI5u7sdeFd9OXW1qiv8qGBfF/a8bN8VYCP7XEo2kVeC','2019-04-24 06:45:20','2019-04-24 08:48:21',NULL,'+91',NULL,'0.00','0.00',1,NULL,0,0,'null',0,'2','312312312',NULL,NULL,NULL),(20,'$2a$10$vihoicJ32ALPamV/7CXwMOOL8uF0fy7nXiFX.riD.X1APAU5ivg.i','Rishikesh','Chandra',NULL,'b@gmail.com',NULL,'8600627668','$2a$10$vihoicJ32ALPamV/7CXwMOOL8uF0fy7nXiFX.riD.X1APAU5ivg.i','2019-04-24 11:26:11','2019-04-24 11:26:11',NULL,'+91',NULL,'0.00','0.00',0,NULL,0,0,'null',0,'2','312312312',NULL,NULL,NULL),(21,'$2a$10$u4Ia.MDjwYZjuaaM8CJtjuhfZzZFDoP11CzPCyRfAxih8UsoMPBjK','Rishikesh','Chandra',NULL,'rishirebe@gmail.com',NULL,'8600627668','$2a$10$u4Ia.MDjwYZjuaaM8CJtjuhfZzZFDoP11CzPCyRfAxih8UsoMPBjK','2019-04-24 12:28:16','2019-04-24 12:28:16','https://s3.us-east-2.amazonaws.com/aztech-qengine/Qengine/upload_51669ae39a5691f7e93eb3b623bc2a75.png','+91',NULL,'0.00','0.00',0,NULL,0,0,'null',0,'2','312312312',NULL,NULL,NULL),(22,'$2a$10$578smpK1Txf9CUs5Uni9/eb4DCO30F8AL20Q/1Tqk4SGyWhfzEOzu','Hardik','kadian',NULL,'hritik99kadian@gmail.com',NULL,'9958405225','$2a$10$578smpK1Txf9CUs5Uni9/eb4DCO30F8AL20Q/1Tqk4SGyWhfzEOzu','2019-04-25 06:47:54','2019-04-25 06:47:54','https://s3.us-east-2.amazonaws.com/aztech-qengine/Qengine/upload_f53ca0f4ffbf8ee12b8973cc590bcb3c.jpg','+91',NULL,'0.00','0.00',0,NULL,0,0,'null',0,'2','312312312',NULL,NULL,NULL),(23,'$2a$10$qsW8yixbM8IG9FwWQVAG0uHISmfEB3E9oWV7K1rdm7l3Ufe9DwFUi','Hardik','kadian',NULL,'chkgolu@gmail.com',NULL,'9958405225','$2a$10$qsW8yixbM8IG9FwWQVAG0uHISmfEB3E9oWV7K1rdm7l3Ufe9DwFUi','2019-04-25 07:14:01','2019-04-25 07:14:01',NULL,'+91',NULL,'0.00','0.00',0,NULL,0,0,'null',0,'2','312312312',NULL,NULL,NULL),(24,'$2a$10$t6w0TQw9S/5Ao2.B2RnfduDDgc94.BEsyV.K3SOqtAVZEWKRpPWly','Rishikesh','Chandra',NULL,'abc@gmail.com',NULL,'8600627668','$2a$10$t6w0TQw9S/5Ao2.B2RnfduDDgc94.BEsyV.K3SOqtAVZEWKRpPWly','2019-04-25 07:15:58','2019-04-25 07:15:58',NULL,'+91',NULL,'0.00','0.00',0,NULL,0,0,'null',0,'2','312312312',NULL,NULL,NULL),(25,'$2a$10$F/nN8IELyaVkfgpvYFkNfOXzk9/0QkcFv4AJRXqNrXU3vzdCFkvHO','puneet','kumar',NULL,'a@gmail.com',NULL,'1234567890','$2a$10$F/nN8IELyaVkfgpvYFkNfOXzk9/0QkcFv4AJRXqNrXU3vzdCFkvHO','2019-04-27 05:20:06','2019-04-27 05:20:06',NULL,'+91',NULL,'0.00','0.00',0,NULL,0,0,'null',0,'1','312312312',NULL,NULL,NULL),(26,'$2a$10$OQPs54T..FpQX8OAqCszwOYavxZPvuo.37e7IBILMP/hiNSj9CvT.','puneet','kumar',NULL,'a1@gmail.com',NULL,'1234567890','$2a$10$OQPs54T..FpQX8OAqCszwOYavxZPvuo.37e7IBILMP/hiNSj9CvT.','2019-04-27 05:22:20','2019-04-27 05:22:20','https://s3.us-east-2.amazonaws.com/aztech-qengine/Qengine/upload_5ce3047ff7f37c599bcbaf39a5d5afa3.png','+91',NULL,'0.00','0.00',0,NULL,0,0,'null',0,'1','312312312',NULL,NULL,NULL),(27,'$2a$10$sres0hGAUCfbvRANxcLmrucFnd5508bDOvZiN0fJrA89GEfi6P0WC','a','b',NULL,'rishirebl@gmail.com',NULL,'9999999999','$2a$10$sres0hGAUCfbvRANxcLmrucFnd5508bDOvZiN0fJrA89GEfi6P0WC','2019-04-28 12:09:58','2019-04-28 12:09:58',NULL,'+91',NULL,'0.00','0.00',0,NULL,0,0,'null',0,'2','312312312',NULL,NULL,NULL);
/*!40000 ALTER TABLE `customers` ENABLE KEYS */;
UNLOCK TABLES;

--
-- Table structure for table `fare`
--

DROP TABLE IF EXISTS `fare`;
/*!40101 SET @saved_cs_client     = @@character_set_client */;
/*!40101 SET character_set_client = utf8 */;
CREATE TABLE `fare` (
  `base_fare` int(11) DEFAULT NULL,
  `distance_fare` int(11) DEFAULT NULL,
  `time_fare` float DEFAULT NULL,
  `id` int(11) NOT NULL AUTO_INCREMENT,
  `bare_min_amount` int(11) DEFAULT NULL,
  `admin_commision` int(11) DEFAULT NULL,
  `agent_commision` int(11) DEFAULT NULL,
  PRIMARY KEY (`id`)
) ENGINE=InnoDB AUTO_INCREMENT=14 DEFAULT CHARSET=latin1;
/*!40101 SET character_set_client = @saved_cs_client */;

--
-- Dumping data for table `fare`
--

LOCK TABLES `fare` WRITE;
/*!40000 ALTER TABLE `fare` DISABLE KEYS */;
INSERT INTO `fare` VALUES (50,5,5,13,100,50,50);
/*!40000 ALTER TABLE `fare` ENABLE KEYS */;
UNLOCK TABLES;

--
-- Table structure for table `notifications`
--

DROP TABLE IF EXISTS `notifications`;
/*!40101 SET @saved_cs_client     = @@character_set_client */;
/*!40101 SET character_set_client = utf8 */;
CREATE TABLE `notifications` (
  `notification_id` int(10) unsigned NOT NULL AUTO_INCREMENT,
  `booking_id` int(11) DEFAULT NULL,
  `booking_type` varchar(255) DEFAULT 'null',
  `category_name` varchar(255) DEFAULT 'null',
  `start_date` varchar(255) DEFAULT 'null',
  `duration` varchar(255) DEFAULT 'null',
  `name` varchar(255) DEFAULT 'null',
  `phone_number` varchar(255) DEFAULT NULL,
  `email` varchar(255) DEFAULT 'null',
  `pickup_location` int(11) DEFAULT '0',
  `delivery_location` int(11) DEFAULT '0',
  `customer_id` int(11) NOT NULL,
  `comments` varchar(245) DEFAULT 'null',
  `status` int(11) NOT NULL DEFAULT '0',
  `booking_status` varchar(245) DEFAULT '0',
  `cancel_status` int(11) DEFAULT '0',
  `total_amount` float DEFAULT NULL,
  `del_booking_status` int(11) DEFAULT NULL,
  `created_at` timestamp NULL DEFAULT CURRENT_TIMESTAMP,
  `notification_text` varchar(1045) DEFAULT 'null',
  `overall_status` int(11) DEFAULT NULL,
  PRIMARY KEY (`notification_id`)
) ENGINE=InnoDB AUTO_INCREMENT=54 DEFAULT CHARSET=latin1;
/*!40101 SET character_set_client = @saved_cs_client */;

--
-- Dumping data for table `notifications`
--

LOCK TABLES `notifications` WRITE;
/*!40000 ALTER TABLE `notifications` DISABLE KEYS */;
INSERT INTO `notifications` VALUES (1,263,'1','testing0003','2019-2-7 20:36:00','60','abhi','9988528141','a@gmail.com',0,163,28,'Bdbdbxxbxjckdkkd dbdndndkkskskjsjxjxd dbfndkdkmdnsnsnsnxbcbjcjjnfhxxjnbxxbxnnxjkddknsnsbshsjiddnbdjfidd ',0,'12',0,13,12,'2019-02-06 18:24:37','Status of Task ID 1280 has been changed to Cancelled.',1),(2,264,'1','testing0003','2019-2-7 20:36:00','60','abhi','9988528141','a@gmail.com',0,163,28,'Bdbdbxxbxjckdkkd dbdndndkkskskjsjxjxd dbfndkdkmdnsnsnsnxbcbjcjjnfhxxjnbxxbxnnxjkddknsnsbshsjiddnbdjfidd ',0,'0',0,13,NULL,'2019-02-07 05:13:48','Booking is created and its waiting for an agent to assign',1),(3,265,'1','testing0003','2019-2-7 20:36:00','60','abhi','9988528141','a@gmail.com',0,163,28,'Bdbdbxxbxjckdkkd dbdndndkkskskjsjxjxd dbfndkdkmdnsnsnsnxbcbjcjjnfhxxjnbxxbxnnxjkddknsnsbshsjiddnbdjfidd ',0,'0',0,13,NULL,'2019-02-07 05:15:18','Booking is created and its waiting for an agent to assign',1),(4,266,'1','Clothes','2019-02-07 13:05:29','0.5','Akash Khatri','9602998930','akash@azuratech.in',0,239,28,'hshsjndndnnddj\n',0,'0',0,100,NULL,'2019-02-07 05:36:48','Booking is created and its waiting for an agent to assign',1),(5,267,'1','Clothes','2019-02-07 13:11:38','0.5','Akash Khatri','9602998930','akash@azuratech.in',0,240,28,'',0,'12',0,100,12,'2019-02-07 05:42:26','Task status for task id:1305 has changed to Arrived by agent abhi khanna(38).',1),(6,268,'1','Clothes','2019-02-07 13:29:10','0.5','Akash Khatri','9602998930','akash@azuratech.in',0,241,28,'',0,'12',0,100,12,'2019-02-07 06:00:08','Booking is created and its waiting for an agent to assign',1),(7,269,'1','Clothes','2019-02-07 13:58:33','0.5','Akash Khatri','9602998930','akash@azuratech.in',0,242,28,'',0,'12',0,100,12,'2019-02-07 06:29:11','Booking is created and its waiting for an agent to assign',1),(8,270,'1','testing0003','2019-2-7 20:36:00','60','abhi','9988528141','a@gmail.com',0,163,28,'Bdbdbxxbxjckdkkd dbdndndkkskskjsjxjxd dbfndkdkmdnsnsnsnxbcbjcjjnfhxxjnbxxbxnnxjkddknsnsbshsjiddnbdjfidd ',0,'0',0,13,NULL,'2019-02-07 06:40:06','Booking is created and its waiting for an agent to assign',1),(9,271,'1','Clothes','2019-02-07 14:09:55','0.5','Akash Khatri','9602998930','akash@azuratech.in',0,97,28,'',0,'12',0,100,12,'2019-02-07 06:40:22','Task status for task id:1313 has changed to Started by agent abhi khanna(38).',7),(10,272,'1','Clothes','2019-2-8 10:00:00','0.5','Akash Khatri','9602998930','akash@azuratech.in',0,244,28,'xgxgkhbk\nyfgu\nufjvib\n',0,'12',0,122.27,12,'2019-02-07 06:46:06','Booking is created and its waiting for an agent to assign',1),(11,273,'1','Clothes','2019-3-7 10:00:00','0.5','Akash Khatri','9602998930','akash@azuratech.in',0,245,28,'',0,'12',0,100,12,'2019-02-07 06:59:15','Booking is created and its waiting for an agent to assign',1),(12,274,'1','Clothes','2019-3-8 10:00:00','0.5','Akash Khatri','9602998930','akash@azuratech.in',0,158,28,'',0,'12',0,100,12,'2019-02-07 07:06:19','Booking is created and its waiting for an agent to assign',1),(13,275,'1','Clothes','2019-2-8 12:00:00','0.5','Akash Khatri','9602998930','akash@azuratech.in',0,82,28,'',0,'12',0,100,12,'2019-02-07 07:11:26','Booking is created and its waiting for an agent to assign',1),(14,276,'1','Clothes','2019-3-8 14:00:00','0.5','Akash Khatri','9602998930','akash@azuratech.in',0,246,28,'',0,'12',0,100,12,'2019-02-07 07:19:56','Task status for task id:1322 has changed to Started by agent abhi khanna(38).',7),(15,277,'1','Clothes','2019-3-9 10:00:00','0.5','Akash Khatri','9602998930','akash@azuratech.in',0,231,28,'',0,'12',0,100,12,'2019-02-07 07:30:45','Booking is created and its waiting for an agent to assign',1),(16,278,'1','Clothes','2019-3-10 10:00:00','0.5','Akash Khatri','9602998930','akash@azuratech.in',0,231,28,'',0,'12',0,100,12,'2019-02-07 07:47:03','Booking is created and its waiting for an agent to assign',1),(17,279,'1','Clothes','2019-03-10 12:00:00','0.5','Akash Khatri','9602998930','akash@azuratech.in',0,247,28,'',0,'12',0,100,12,'2019-02-07 07:50:46','Booking is created and its waiting for an agent to assign',1),(18,281,'1','Monks','2019-02-07 12:06:19','404.0','Ranveer Kapoor','9876543219','ranveer@azuratech.in',0,248,45,'',0,'12',0,3930,12,'2019-02-07 08:08:13','Status of Task ID 1341 has been changed to Cancelled.',11),(19,282,'1','Burger king','2019-02-10 11:55:00','0.5','avni singh','9041708569','avni@gmail.com',0,251,44,'Gaga hshsjs shshs sbshjs 9gdhhd dbdjjjd dhhjd sbshsj shshh bxjjdjd sbshjs sgxhud shshs dhj sns shjsbsj\n',0,'12',0,673.09,12,'2019-02-07 11:33:41','Task status for task id:1360 has changed to Successful by agent Rajni Thakur(37).',8),(20,283,'1','testing0003','2019-02-17 20:30:00','60','abhi','9988528141','a@gmail.com',0,163,28,'Bdbdbxxbxjckdkkd dbdndndkkskskjsjxjxd dbfndkdkmdnsnsnsnxbcbjcjjnfhxxjnbxxbxnnxjkddknsnsbshsjiddnbdjfidd ',0,'12',0,13,12,'2019-02-07 12:09:30','Task status for task id:1368 has changed to Started by agent abhishek khanna(35).',7),(21,284,'1','testing0003','2019-02-17 20:30:00','60','abhi','9988528141','a@gmail.com',0,163,28,'Bdbdbxxbxjckdkkd dbdndndkkskskjsjxjxd dbfndkdkmdnsnsnsnxbcbjcjjnfhxxjnbxxbxnnxjkddknsnsbshsjiddnbdjfidd ',0,'12',0,13,12,'2019-02-07 12:24:06','Booking is created and its waiting for an agent to assign',1),(22,285,'1','testing0003','2019-02-17 20:30:00','60','abhi','9988528141','a@gmail.com',0,163,28,'Bdbdbxxbxjckdkkd dbdndndkkskskjsjxjxd dbfndkdkmdnsnsnsnxbcbjcjjnfhxxjnbxxbxnnxjkddknsnsbshsjiddnbdjfidd ',0,'12',0,13,12,'2019-02-07 12:32:06','Booking is created and its waiting for an agent to assign',1),(23,286,'1','testing0003','2019-02-17 20:30:00','60','abhi','9988528141','a@gmail.com',0,163,28,'Bdbdbxxbxjckdkkd dbdndndkkskskjsjxjxd dbfndkdkmdnsnsnsnxbcbjcjjnfhxxjnbxxbxnnxjkddknsnsbshsjiddnbdjfidd ',0,'12',0,13,12,'2019-02-07 12:35:40','Booking is created and its waiting for an agent to assign',1),(24,287,'1','Fish','2019-02-08 11:50:25','0.5','avni singh','9041708569','avni@gmail.com',0,252,44,'Xbxbxbxbbx xndnnd\n',0,'12',0,100,12,'2019-02-08 04:22:39','Task status for task id:1377 has changed to Successful by agent Rajni Thakur(37).',8),(25,288,'1','testing0003','2019-02-17 20:30:00','60','abhi','9988528141','a@gmail.com',0,163,28,'Bdbdbxxbxjckdkkd dbdndndkkskskjsjxjxd dbfndkdkmdnsnsnsnxbcbjcjjnfhxxjnbxxbxnnxjkddknsnsbshsjiddnbdjfidd ',0,'12',0,13,12,'2019-02-08 05:28:17','Agent Rajni(37) has accepted the Order ID:1070.',4),(26,289,'0','klkl','2019-02-11 03:15:00','0.5','avni singh','9041708569','avni@gmail.com',253,254,44,'Gduduusus shduuchd dhdhsusud xhxhjdisis dhchjdjz dbchufjsjs hchjdbdsh xhxuychejwoejd xbxhdydjjsjss dbhcchjsisjd xhhcdh djudisjjs xhhcdjd\n',0,'12',0,100,12,'2019-02-08 06:15:21','Status of Task ID 1381 has been changed to Cancelled.',11),(27,290,'0','films','2019-02-12 03:45:00','0.5','avni singh','9041708569','avni@gmail.com',255,256,44,'Gsgdyuc svhshsjduf dhhucidis zhhcud xnxjdkkd dhchjdjz xhxjjss xhdjdbdbxjjd\n',0,'12',0,312.97,12,'2019-02-08 06:25:44','Status of Task ID 1383 has been changed to Cancelled.',11),(28,291,'1','testing0003','2019-02-17 20:30:00','60','abhi','9988528141','a@gmail.com',0,163,28,'Bdbdbxxbxjckdkkd dbdndndkkskskjsjxjxd dbfndkdkmdnsnsnsnxbcbjcjjnfhxxjnbxxbxnnxjkddknsnsbshsjiddnbdjfidd ',0,'12',0,13,12,'2019-02-08 07:28:43','Agent abhishek(35) has accepted the Order ID:1073.',4),(29,293,'1','testing0003','2019-02-17 20:30:00','60','abhi','9988528141','a@gmail.com',0,163,29,'Bdbdbxxbxjckdkkd dbdndndkkskskjsjxjxd dbfndkdkmdnsnsnsnxbcbjcjjnfhxxjnbxxbxnnxjkddknsnsbshsjiddnbdjfidd ',0,'12',0,13,12,'2019-02-08 09:55:17','Booking is created and its waiting for an agent to assign',1),(30,294,'1','testing0003','2019-02-17 20:30:00','60','abhi','9988528141','a@gmail.com',0,163,29,'Bdbdbxxbxjckdkkd dbdndndkkskskjsjxjxd dbfndkdkmdnsnsnsnxbcbjcjjnfhxxjnbxxbxnnxjkddknsnsbshsjiddnbdjfidd ',0,'12',0,13,12,'2019-02-08 09:55:49','Booking is created and its waiting for an agent to assign',1),(31,296,'0','dsdsd','2019-02-12 00:00:00','0.5','avni','9041708569','avni@gmail.com',259,260,44,'hdhdjdjsjs dbdjdjdnddbbbxyxnsmxmdmnsnnsudbdndnd djdjdbdjd\n',0,'12',0,228.09,12,'2019-02-08 10:08:31','Status of Task ID 1396 has been changed to Cancelled.',11),(32,297,'0','dsdsd','2019-02-19 12:00:00','0.5','avni singh','9041708569','avni@gmail.com',261,261,44,'bdbdnndd',0,'12',0,100,12,'2019-02-08 10:15:42','Status of Task ID 1398 has been changed to Cancelled.',11),(33,299,'0','Monks','2019-02-11 13:33:03','352.0','ami jackson','88054623569','ami@azuratech.in',216,263,50,'hdhdhshsvxvxhdj sbshjs sbshjs sbshjs shs shhsbshsjx dbdjdk hdhdjdjsjs sbshjs sjsjsbsggsudknsbs zbzjjzbsbsjbhjsjsjjs',0,'12',0,3325,12,'2019-02-11 06:05:29','Booking is created and its waiting for an agent to assign',1),(34,300,'1','Clothes','2019-02-11 17:00:02','14.0','avni singh','9041708569','avni@gmail.com',0,215,44,'',0,'12',0,150,12,'2019-02-11 09:31:04','Status of Task ID 1407 has been changed to Cancelled.',11),(35,301,'1','Clothes','2019-02-12 12:00:00','0.5','avni singh','9041708569','avni@gmail.com',0,215,44,'hiii',0,'12',0,100,12,'2019-02-11 09:43:25','Status of Task ID 1409 has been changed to Cancelled.',11),(36,302,'1','Clothes','2019-02-14 12:00:00','0.5','avni singh','9041708569','avni@gmail.com',0,64,44,'hii\n',0,'0',0,126.87,NULL,'2019-02-11 09:53:52','Booking is created and its waiting for an agent to assign',1),(37,303,'1','Books','2019-02-15 12:00:00','0.5','Harsh Thakur','9041708561','harsh@azuratech.in',0,264,43,'hiii',0,'12',0,106.41,12,'2019-02-11 09:57:34','Task status for task id:1413 has changed to Successful by agent Rajni Thakur(37).',8),(38,304,'1','Jeans','2019-02-14 12:00:00','121.0','kunal','9041708561','avni@gmail.com',0,266,44,'hiiiiiiiiii and the other day and I will be in the future of our games are based on the phone with me and',0,'12',0,1195,12,'2019-02-13 06:30:44','Task status for task id:1422 has changed to Successful by agent Rajni Thakur(37).',8),(39,305,'0','Burger king','2019-02-13 14:29:25','0.5','avni singh','9041708561','avni@gmail.com',267,268,44,'hvvchv\nvhvhhvygygugug hvhvh hvhvhvuvugycfxhv vhvgvn hvjbj',0,'12',0,621.04,12,'2019-02-13 07:04:15','Status of Task ID 1427 has been changed to Cancelled.',11),(40,306,'0','Toyabc','2019-02-13 14:59:22','0.5','avni singh','9041708569','avni@gmail.com',82,82,44,'',0,'12',0,100,12,'2019-02-13 08:03:04','Status of Task ID 1438 has been changed to Cancelled.',11),(41,307,'0','Test2','2019-02-13 17:01:15','0.5','avni singh','9041708569','avni@gmail.com',264,57,44,'tctctctcctc\n',0,'12',0,100,12,'2019-02-13 09:37:18','Status of Task ID 1441 has been changed to Cancelled.',11),(42,308,'0','Jeans','2019-02-13 17:22:57','491.0','avni singh','9041708569','avni@gmail.com',269,216,44,'dhzhdhd',0,'12',0,3815,12,'2019-02-13 09:55:17','Status of Task ID 1443 has been changed to Cancelled.',11),(43,309,'0','Jeans','2019-02-13 17:22:57','491.0','avni singh','9041708569','avni@gmail.com',269,216,44,'dhzhdhd',0,'12',0,3815,12,'2019-02-13 09:55:53','Status of Task ID 1445 has been changed to Cancelled.',11),(44,310,'0','Toyabc','2019-02-13 17:27:23','0.5','avni singh','9041708569','avni@gmail.com',224,224,44,'ffh',0,'12',0,100,12,'2019-02-13 09:58:12','Status of Task ID 1449 has been changed to Cancelled.',11),(45,311,'0','films','2019-02-13 17:38:38','0.5','avni singh','9041708569','avni@gmail.com',270,64,44,'hdhdjdjsjs xbddnd dbdnd dnjd\n',0,'12',0,107.38,12,'2019-02-13 10:15:22','Status of Task ID 1451 has been changed to Cancelled.',11),(46,261,'0','Burger king','2019-02-06 18:14:11','241.0','avni singh',NULL,'avni@gmail.com',238,234,44,'hchffcjhfugug vjvbkbfd hxvbkkvxh hxhfbjv gxcjvj gxcj gxvjv hcjvv\n',0,'0',0,NULL,NULL,'2019-02-13 10:50:44','Status of Task ID 1264 has been changed to Cancelled.',11),(47,312,'0','Burger king','2019-02-13 18:26:10','0.5','avni singh','9041708569','avni@gmail.com',269,26,44,'hiiii',0,'12',0,909.92,12,'2019-02-13 10:57:36','Booking is created and its waiting for an agent to assign',1),(48,313,'0','Burger king','2019-02-13 18:36:43','0.5','avni singh','9041708561','avni@gmail.com',115,251,44,'jdjddj',0,'12',0,323.6,12,'2019-02-13 11:07:53','Booking is created and its waiting for an agent to assign',1),(49,314,'0','Burger king','2019-02-13 18:36:43','0.5','avni singh','9041708561','avni@gmail.com',115,251,44,'jdjddj',0,'12',0,323.6,12,'2019-02-13 11:08:22','Booking is created and its waiting for an agent to assign',1),(50,315,'0','films','2019-02-13 19:14:13','0.5','avni singh','9041708563','avni@gmail.com',217,217,44,'',0,'12',0,100,12,'2019-02-13 11:49:19','Booking is created and its waiting for an agent to assign',1),(51,316,'0','Test2','2019-02-13 19:24:02','0.5','avni singh','9041708569','avni@gmail.com',57,27,44,'hshs',0,'12',0,100,12,'2019-02-13 11:54:55','Booking is created and its waiting for an agent to assign',1),(52,317,'0','Burger king','2019-02-13 19:27:31','0.5','avni singh','9041708569','avni@gmail.com',34,271,44,'hshshs',0,'12',0,275.84,12,'2019-02-13 11:58:51','Booking is created and its waiting for an agent to assign',1),(53,318,'0','Jeans','2019-02-13 19:30:56','0.5','avni singh','9041708569','avni@gmail.com',272,205,44,'hehdjd',0,'12',0,1092.57,12,'2019-02-13 12:02:00','Booking is created and its waiting for an agent to assign',1);
/*!40000 ALTER TABLE `notifications` ENABLE KEYS */;
UNLOCK TABLES;

--
-- Table structure for table `payment_card`
--

DROP TABLE IF EXISTS `payment_card`;
/*!40101 SET @saved_cs_client     = @@character_set_client */;
/*!40101 SET character_set_client = utf8 */;
CREATE TABLE `payment_card` (
  `card_id` int(10) unsigned NOT NULL AUTO_INCREMENT,
  `card_number` varchar(245) DEFAULT 'null',
  `expiry_date` varchar(245) DEFAULT 'null',
  `customer_id` int(11) NOT NULL,
  PRIMARY KEY (`card_id`)
) ENGINE=InnoDB DEFAULT CHARSET=latin1;
/*!40101 SET character_set_client = @saved_cs_client */;

--
-- Dumping data for table `payment_card`
--

LOCK TABLES `payment_card` WRITE;
/*!40000 ALTER TABLE `payment_card` DISABLE KEYS */;
/*!40000 ALTER TABLE `payment_card` ENABLE KEYS */;
UNLOCK TABLES;

--
-- Table structure for table `transaction_history`
--

DROP TABLE IF EXISTS `transaction_history`;
/*!40101 SET @saved_cs_client     = @@character_set_client */;
/*!40101 SET character_set_client = utf8 */;
CREATE TABLE `transaction_history` (
  `id` int(11) NOT NULL AUTO_INCREMENT,
  `transaction_id` varchar(245) NOT NULL DEFAULT 'null',
  `pay_id` varchar(245) DEFAULT 'null',
  `payer_id` varchar(245) DEFAULT 'null',
  `state` varchar(245) DEFAULT NULL,
  `payer_email` varchar(245) DEFAULT 'null',
  `payer_name` varchar(245) DEFAULT 'null',
  `payer_business_name` varchar(245) DEFAULT 'null',
  `total_amount` float DEFAULT NULL,
  `payment_status` varchar(245) DEFAULT NULL,
  `create_time` varchar(245) DEFAULT 'null',
  `payment_type` int(11) DEFAULT NULL,
  `booking_id` int(100) DEFAULT NULL,
  `customer_id` int(100) DEFAULT NULL,
  `comission_agent` float DEFAULT NULL,
  `paid_status` int(11) DEFAULT NULL,
  `agent_name` varchar(245) DEFAULT NULL,
  `booking_status` int(11) DEFAULT NULL,
  `del_booking_status` int(11) DEFAULT NULL,
  `overall_status` int(11) DEFAULT NULL,
  `add_charge` varchar(245) DEFAULT NULL,
  PRIMARY KEY (`id`)
) ENGINE=InnoDB AUTO_INCREMENT=155 DEFAULT CHARSET=latin1;
/*!40101 SET character_set_client = @saved_cs_client */;

--
-- Dumping data for table `transaction_history`
--

LOCK TABLES `transaction_history` WRITE;
/*!40000 ALTER TABLE `transaction_history` DISABLE KEYS */;
INSERT INTO `transaction_history` VALUES (74,'null','null','null',NULL,'null','null','null',13,NULL,'null',0,238,27,0.05,1,NULL,12,12,1,NULL),(75,'null','null','null',NULL,'null','null','null',100,NULL,'null',0,239,28,50,0,'Rajni Thakur',11,11,11,NULL),(76,'null','null','null',NULL,'null','null','null',13,NULL,'null',0,240,27,0.05,0,NULL,12,12,1,NULL),(77,'null','null','null',NULL,'null','null','null',13,NULL,'null',0,241,27,0.05,0,NULL,12,12,1,NULL),(78,'14B29283HN750440R','PAY-5UM084600T3117206LRMRFIA','V2CUB2LDYZV3C','approved','akash@azuratech.in','Scelo Nciki',NULL,100,'completed','2019-02-05T04:35:54Z',1,242,39,50,1,'Rajni Thakur',8,8,8,NULL),(79,'null','null','null',NULL,'null','null','null',312.07,NULL,'null',0,243,39,156.035,0,'Rajni Thakur',8,8,8,NULL),(80,'null','null','null',NULL,'null','null','null',100,NULL,'null',0,244,39,50,0,'Rajni Thakur',12,11,11,NULL),(81,'6EF59962WH726390C','PAY-3XE361399P534792TLRMT4OI','V2CUB2LDYZV3C','approved','akash@azuratech.in','Scelo Nciki',NULL,100,'completed','2019-02-05T07:41:56Z',1,245,39,50,1,'Rajni Thakur',12,8,8,NULL),(82,'null','null','null',NULL,'null','null','null',2032.14,NULL,'null',0,246,39,1016.07,0,NULL,12,12,1,NULL),(83,'null','null','null',NULL,'null','null','null',100,NULL,'null',0,247,39,50,0,NULL,12,12,1,NULL),(84,'null','null','null',NULL,'null','null','null',145.56,NULL,'null',0,248,39,72.7808,0,NULL,12,12,1,NULL),(85,'null','null','null',NULL,'null','null','null',100,NULL,'null',0,249,39,50,0,NULL,NULL,NULL,1,NULL),(86,'null','null','null',NULL,'null','null','null',100,NULL,'null',0,250,39,50,0,NULL,12,12,1,NULL),(87,'null','null','null',NULL,'null','null','null',13,NULL,'null',0,251,27,0.05,0,NULL,12,12,1,NULL),(88,'null','null','null',NULL,'null','null','null',13,NULL,'null',0,252,27,0.05,0,NULL,12,12,1,NULL),(89,'null','null','null',NULL,'null','null','null',13,NULL,'null',0,253,27,0.05,0,NULL,12,12,1,NULL),(90,'null','null','null',NULL,'null','null','null',100,NULL,'null',0,254,39,50,0,NULL,12,12,1,NULL),(91,'null','null','null',NULL,'null','null','null',100,NULL,'null',0,255,43,50,0,'Rajni Thakur',8,8,8,NULL),(92,'null','null','null',NULL,'null','null','null',487.41,NULL,'null',0,256,43,243.707,0,NULL,12,12,1,NULL),(93,'11712035E89551716','PAY-6GV883236V4684700LRNHVCA','V2CUB2LDYZV3C','approved','akash@azuratech.in','Scelo Nciki',NULL,233.57,'completed','2019-02-06T06:11:31Z',1,257,43,116.786,1,NULL,NULL,NULL,1,NULL),(94,'null','null','null',NULL,'null','null','null',100,NULL,'null',0,258,43,50,0,NULL,12,12,1,NULL),(95,'null','null','null',NULL,'null','null','null',100,NULL,'null',0,259,28,50,0,'Rajni Thakur',7,8,8,NULL),(96,'null','null','null',NULL,'null','null','null',102.75,NULL,'null',0,260,43,51.3774,0,NULL,12,12,1,NULL),(97,'1PH01024FN0171533','PAY-9DG55207UX072104CLRNLWKY','V2CUB2LDYZV3C','approved','akash@azuratech.in','Scelo Nciki',NULL,2390,'completed','2019-02-06T10:47:19Z',1,261,44,1195,1,'Rajni Thakur',11,11,11,NULL),(98,'null','null','null',NULL,'null','null','null',13,NULL,'null',0,262,28,0.05,0,'abhishek khanna',6,12,7,NULL),(99,'null','null','null',NULL,'null','null','null',13,NULL,'null',0,263,28,0.05,0,NULL,11,11,11,NULL),(100,'null','null','null',NULL,'null','null','null',13,NULL,'null',0,264,28,0.05,0,NULL,NULL,NULL,1,NULL),(101,'null','null','null',NULL,'null','null','null',13,NULL,'null',0,265,28,0.05,0,NULL,NULL,NULL,1,NULL),(102,'null','null','null',NULL,'null','null','null',100,NULL,'null',0,266,28,50,0,NULL,NULL,NULL,1,NULL),(103,'null','null','null',NULL,'null','null','null',100,NULL,'null',0,267,28,50,0,'abhi khanna',6,12,7,NULL),(104,'null','null','null',NULL,'null','null','null',100,NULL,'null',0,268,28,50,0,NULL,12,12,1,NULL),(105,'null','null','null',NULL,'null','null','null',100,NULL,'null',0,269,28,50,0,NULL,12,12,1,NULL),(106,'null','null','null',NULL,'null','null','null',13,NULL,'null',0,270,28,0.05,0,NULL,NULL,NULL,1,NULL),(107,'null','null','null',NULL,'null','null','null',100,NULL,'null',0,271,28,50,0,'abhi khanna',12,5,7,NULL),(108,'null','null','null',NULL,'null','null','null',122.27,NULL,'null',0,272,28,61.1372,0,NULL,12,12,1,NULL),(109,'null','null','null',NULL,'null','null','null',100,NULL,'null',0,273,28,50,0,NULL,12,12,1,NULL),(110,'null','null','null',NULL,'null','null','null',100,NULL,'null',0,274,28,50,0,NULL,12,12,1,NULL),(111,'null','null','null',NULL,'null','null','null',100,NULL,'null',0,275,28,50,0,NULL,12,12,1,NULL),(112,'null','null','null',NULL,'null','null','null',100,NULL,'null',0,276,28,50,0,'abhi khanna',5,12,7,NULL),(113,'null','null','null',NULL,'null','null','null',100,NULL,'null',0,277,28,50,0,NULL,12,12,1,NULL),(114,'null','null','null',NULL,'null','null','null',100,NULL,'null',0,278,28,50,0,NULL,12,12,1,NULL),(115,'null','null','null',NULL,'null','null','null',100,NULL,'null',0,279,28,50,0,NULL,12,12,1,NULL),(116,'6KB80382MB563044X','PAYID-LRN6J6A68V0072703998863C','V2CUB2LDYZV3C','approved','akash@azuratech.in','Scelo Nciki',NULL,1291.41,'completed','2019-02-07T07:57:50Z',1,280,45,645.704,1,NULL,12,12,1,NULL),(117,'null','null','null',NULL,'null','null','null',3930,NULL,'null',0,281,45,1965,0,'Rajni Thakur',11,11,11,NULL),(118,'null','null','null',NULL,'null','null','null',673.09,NULL,'null',0,282,44,336.543,0,'Rajni Thakur',8,8,8,NULL),(119,'null','null','null',NULL,'null','null','null',13,NULL,'null',0,283,28,0.05,0,NULL,5,12,7,NULL),(120,'null','null','null',NULL,'null','null','null',13,NULL,'null',0,284,28,0.05,0,NULL,12,12,1,NULL),(121,'null','null','null',NULL,'null','null','null',13,NULL,'null',0,285,28,0.05,0,NULL,12,12,1,NULL),(122,'null','null','null',NULL,'null','null','null',13,NULL,'null',0,286,28,0.05,0,NULL,12,12,1,NULL),(123,'null','null','null',NULL,'null','null','null',100,NULL,'null',0,287,44,50,0,'Rajni Thakur',8,8,8,NULL),(124,'null','null','null',NULL,'null','null','null',13,NULL,'null',0,288,28,0.05,0,'Rajni Thakur',4,12,4,NULL),(125,'94W48344T0217072M','PAY-76L336126C7832455LRORX2I','V2CUB2LDYZV3C','approved','akash@azuratech.in','Scelo Nciki',NULL,100,'completed','2019-02-08T06:15:13Z',1,289,44,50,1,NULL,11,11,11,NULL),(126,'2SC05004PB6297341','PAYID-LROSBVY33844847PT8230447','V2CUB2LDYZV3C','approved','akash@azuratech.in','Scelo Nciki',NULL,312.97,'completed','2019-02-08T06:25:35Z',1,290,44,156.485,1,NULL,11,11,11,NULL),(127,'null','null','null',NULL,'null','null','null',13,NULL,'null',0,291,28,0.05,0,'abhishek khanna',4,12,4,NULL),(128,'7CM434063R033914A','PAYID-LROU77Q6BE14231LE130320B','V2CUB2LDYZV3C','approved','akash@azuratech.in','Scelo Nciki',NULL,1310,'completed','2019-02-08T09:47:40Z',1,292,44,655,1,NULL,11,11,11,NULL),(129,'null','null','null',NULL,'null','null','null',13,NULL,'null',0,293,29,0.05,0,NULL,12,12,1,NULL),(130,'null','null','null',NULL,'null','null','null',13,NULL,'null',0,294,29,0.05,0,NULL,12,12,1,NULL),(131,'9G3302048Y350733H','PAY-85Y92473TE451161CLROVFWQ','V2CUB2LDYZV3C','approved','akash@azuratech.in','Scelo Nciki',NULL,629.03,'completed','2019-02-08T09:58:58Z',1,295,44,314.514,1,'Rajni Thakur',11,11,11,NULL),(132,'8LE01525KK496340A','PAY-776374161K4268804LROVKDQ','V2CUB2LDYZV3C','approved','akash@azuratech.in','Scelo Nciki',NULL,228.09,'completed','2019-02-08T10:08:22Z',1,296,44,114.047,1,NULL,11,11,11,NULL),(133,'7B024891UP8770618','PAYID-LROVNPQ70867911TY0239625','V2CUB2LDYZV3C','approved','akash@azuratech.in','Scelo Nciki',NULL,100,'completed','2019-02-08T10:15:32Z',1,297,44,50,1,NULL,11,11,11,NULL),(134,'null','null','null',NULL,'null','null','null',100,NULL,'null',0,298,44,50,0,'Rajni Thakur',11,11,11,NULL),(135,'17U27860UC3150949','PAY-9JM886501J322504YLRQRBFI','V2CUB2LDYZV3C','approved','akash@azuratech.in','Scelo Nciki',NULL,3325,'completed','2019-02-11T06:05:22Z',1,299,50,1662.5,1,NULL,12,12,1,NULL),(136,'null','null','null',NULL,'null','null','null',150,NULL,'null',0,300,44,75,0,'Rajni Thakur',11,11,11,NULL),(137,'null','null','null',NULL,'null','null','null',100,NULL,'null',0,301,44,50,0,NULL,11,11,11,NULL),(138,'null','null','null',NULL,'null','null','null',126.87,NULL,'null',0,302,44,63.4353,0,NULL,NULL,NULL,1,NULL),(139,'null','null','null',NULL,'null','null','null',106.41,NULL,'null',0,303,43,53.2027,0,'Rajni Thakur',8,8,8,NULL),(140,'null','null','null',NULL,'null','null','null',1195,NULL,'null',0,304,44,597.5,0,'Rajni Thakur',8,8,8,NULL),(141,'06D54526A2799194M','PAYID-LRR4CWQ4EB87860SR652561A','V2CUB2LDYZV3C','approved','akash@azuratech.in','Scelo Nciki',NULL,621.04,'completed','2019-02-13T07:04:03Z',1,305,44,310.522,1,NULL,11,11,11,NULL),(142,'7G428016JG464744J','PAY-3NH70178GL356801WLRR46FA','V2CUB2LDYZV3C','approved','akash@azuratech.in','Scelo Nciki',NULL,100,'completed','2019-02-13T08:02:56Z',1,306,44,50,1,NULL,11,11,11,NULL),(143,'0SP8006984757653C','PAYID-LRR6KMQ12A212096N3568446','V2CUB2LDYZV3C','approved','akash@azuratech.in','Scelo Nciki',NULL,100,'completed','2019-02-13T09:37:04Z',1,307,44,50,1,NULL,11,11,11,NULL),(144,'5L8833564G807292S','PAY-4C946034HJ445181WLRR6S4Y','V2CUB2LDYZV3C','approved','akash@azuratech.in','Scelo Nciki',NULL,3815,'completed','2019-02-13T09:55:09Z',1,308,44,1907.5,1,NULL,11,11,11,NULL),(145,'15X65350K3998832W','PAY-58F97847NL119700PLRR6TGA','V2CUB2LDYZV3C','approved','akash@azuratech.in','Scelo Nciki',NULL,3815,'completed','2019-02-13T09:55:45Z',1,309,44,1907.5,1,NULL,11,11,11,NULL),(146,'3LL762720W508774K','PAY-9R448373JK873363JLRR6UHQ','V2CUB2LDYZV3C','approved','akash@azuratech.in','Scelo Nciki',NULL,100,'completed','2019-02-13T09:58:04Z',1,310,44,50,1,NULL,11,11,11,NULL),(147,'86S19950SL882935S','PAYID-LRR6Z6Y4YD1492603317434U','V2CUB2LDYZV3C','approved','akash@azuratech.in','Scelo Nciki',NULL,107.38,'completed','2019-02-13T10:15:12Z',1,311,44,53.6899,1,NULL,11,11,11,NULL),(148,'1ET977063T133754U','PAY-8LU64656JY7555123LRR7QDA','V2CUB2LDYZV3C','approved','akash@azuratech.in','Scelo Nciki',NULL,909.92,'completed','2019-02-13T10:57:26Z',1,312,44,454.962,1,NULL,12,12,1,NULL),(149,'94D74490UH6145237','PAYID-LRR7U5I4AB993966K9402545','V2CUB2LDYZV3C','approved','akash@azuratech.in','Scelo Nciki',NULL,323.6,'completed','2019-02-13T11:07:43Z',1,313,44,161.8,1,NULL,12,12,1,NULL),(150,'2HG88187PS766831R','PAY-1TC30408HW859672JLRR7VFI','V2CUB2LDYZV3C','approved','akash@azuratech.in','Scelo Nciki',NULL,323.6,'completed','2019-02-13T11:08:14Z',1,314,44,161.8,1,NULL,12,12,1,NULL),(151,'32E48531VC1431239','PAYID-LRSAH4Y0YC142533X926754W','V2CUB2LDYZV3C','approved','akash@azuratech.in','Scelo Nciki',NULL,100,'completed','2019-02-13T11:49:09Z',1,315,44,50,1,NULL,12,12,1,NULL),(152,'3R464807GH4433220','PAYID-LRSAK7I79570216WE125361R','V2CUB2LDYZV3C','approved','akash@azuratech.in','Scelo Nciki',NULL,100,'completed','2019-02-13T11:54:44Z',1,316,44,50,1,NULL,12,12,1,NULL),(153,'8XP78664EN961982J','PAYID-LRSAM2I4P306476697094033','V2CUB2LDYZV3C','approved','akash@azuratech.in','Scelo Nciki',NULL,275.84,'completed','2019-02-13T11:58:40Z',1,317,44,137.92,1,NULL,12,12,1,NULL),(154,'8E6820273C386500D','PAYID-LRSAOJQ5P013942UY0032300','V2CUB2LDYZV3C','approved','akash@azuratech.in','Scelo Nciki',NULL,1092.57,'completed','2019-02-13T12:01:48Z',1,318,44,546.285,1,NULL,12,12,1,NULL);
/*!40000 ALTER TABLE `transaction_history` ENABLE KEYS */;
UNLOCK TABLES;
/*!40103 SET TIME_ZONE=@OLD_TIME_ZONE */;

/*!40101 SET SQL_MODE=@OLD_SQL_MODE */;
/*!40014 SET FOREIGN_KEY_CHECKS=@OLD_FOREIGN_KEY_CHECKS */;
/*!40014 SET UNIQUE_CHECKS=@OLD_UNIQUE_CHECKS */;
/*!40101 SET CHARACTER_SET_CLIENT=@OLD_CHARACTER_SET_CLIENT */;
/*!40101 SET CHARACTER_SET_RESULTS=@OLD_CHARACTER_SET_RESULTS */;
/*!40101 SET COLLATION_CONNECTION=@OLD_COLLATION_CONNECTION */;
/*!40111 SET SQL_NOTES=@OLD_SQL_NOTES */;

-- Dump completed on 2019-04-29  5:38:29
